,ì¡°í_,__,ì¢____,«ì___,êµ¬ë___,_,_ª©,__ê¸¸ì_
0,2274589,2020. 10. 31.,27000,2100,7730000,9689,-,112
1,2065762,2020. 10. 31.,23000,458,7730000,4525,-,81
2,1093602,2020. 11. 1.,17000,248,848000,3323,-,964
3,2741347,2020. 10. 30.,57000,777,1020000,5354,-,1142
4,1316428,2020. 10. 31.,9100,1600,586000,4595,-,1166
5,607062,2020. 11. 1.,11000,192,1110000,1427,-,673
6,1069185,2020. 11. 1.,24000,551,54000,3562,-,787
7,952983,2020. 11. 1.,15000,354,1250000,2065,-,1128
8,1143721,2020. 10. 31.,22000,281,44700,1126,-,572
9,351510,2020. 11. 1.,6300,144,3060000,642,-,516
10,239225,2020. 11. 1.,6900,255,465000,860,-,634
11,880658,2020. 10. 31.,26000,237,1350000,5616,-,482
12,648546,2020. 10. 31.,11000,475,844000,1254,-,909
13,624878,2020. 11. 1.,13000,351,1100000,2673,-,491
14,757232,2020. 10. 31.,24000,364,228000,1660,-,833
15,1201161,2020. 10. 30.,13000,499,116000,3988,-,1552
16,312503,2020. 11. 1.,11000,104,1300000,593,-,462
17,867153,2020. 10. 31.,10000,573,1430000,4416,-,131
18,472451,2020. 11. 1.,9300,192,279000,631,-,489
19,744306,2020. 11. 1.,3700,207,1080000,935,-,986
20,1126629,2020. 10. 31.,6900,392,235000,2197,-,275
21,914134,2020. 11. 2.,120000,6300,216000,10491,-,46
22,565462,2020. 10. 31.,8300,378,1180000,1145,-,717
23,2881826,2020. 10. 29.,100000,1100,822000,7108,-,876
24,498880,2020. 10. 31.,11000,236,89700,2541,-,484
25,527079,2020. 10. 31.,10000,519,911000,1983,-,497
26,616531,2020. 10. 30.,11000,304,622000,1060,-,829
27,138121,2020. 10. 31.,598,69,195,50,-,1039
28,3627930,2020. 11. 1.,410000,3700,8920000,15946,-,213
29,64220,2020. 11. 1.,994,43,142000,68,-,5
30,3468663,2020. 10. 28.,94000,2000,54100,13863,-,485
31,622841,2020. 10. 31.,41000,107,926000,5546,-,284
32,21623975,2020. 10. 28.,1100000,61000,13100000,116000,-,231
33,362438,2020. 10. 31.,8300,415,1210000,477,-,903
34,219477,2020. 11. 1.,4200,154,243000,564,-,245
35,77967,2020. 11. 1.,1600,36,171000,120,-,3189
36,1158452,2020. 11. 1.,150000,419,4500000,9865,-,305
37,1378454,2020. 10. 29.,29000,662,2650000,4392,-,341
38,2139755,2020. 10. 29.,110000,2500,15700000,4290,-,238
39,974427,2020. 10. 30.,43000,715,5310000,1665,-,221
40,513084,2020. 11. 1.,80000,725,0,19921,-,1326
41,81814,2020. 11. 1.,1000,53,183000,300,-,676
42,186787,2020. 10. 30.,4200,127,49500,182,-,1438
43,4834176,2020. 11. 2.,110000,2600,5600000,6344,-,254
44,238933,2020. 11. 1.,4800,109,2540000,537,-,1122
45,1288444,2020. 11. 1.,33000,604,1200000,8338,-,399
46,790020,2020. 10. 30.,13000,182,2250000,1082,-,1356
47,473335,2020. 11. 1.,140000,160,5250000,6562,-,222
48,405054,2020. 10. 31.,5400,187,228000,1253,-,1019
49,2015590,2020. 10. 28.,47000,1000,2280000,5624,-,414
0,2209140,2020. 11. 2.,19000,553,281000,12855,-,65
1,1971496,2020. 11. 2.,16000,537,2060000,6776,-,87
2,977783,2020. 11. 2.,7600,264,193000,1634,-,176
3,536577,2020. 11. 2.,6700,294,660000,1190,-,438
4,889145,2020. 11. 2.,6700,303,568000,2013,-,82
5,1188992,2020. 11. 2.,7700,375,568000,1668,-,83
6,237233,2020. 11. 3.,2000,57,193000,404,-,79
7,663663,2020. 11. 3.,5600,142,281000,1924,-,85
8,2492670,2020. 10. 31.,28000,2300,7730000,10073,-,112
9,465836,2020. 11. 2.,11000,173,845000,1348,-,585
10,292877,2020. 11. 2.,4400,65,324000,496,-,742
11,2259989,2020. 10. 31.,25000,504,7730000,4848,-,81
12,542998,2020. 11. 2.,10000,120,916000,1467,-,831
13,1299168,2020. 11. 1.,18000,315,849000,3685,-,964
14,1698306,2020. 11. 1.,34000,927,65600,4483,-,787
15,2895487,2020. 10. 30.,59000,823,1030000,5498,-,1142
16,1539570,2020. 10. 31.,10000,2000,586000,5135,-,1166
17,790595,2020. 11. 1.,13000,273,1110000,1638,-,673
18,343399,2020. 11. 2.,3600,113,654000,421,-,952
19,1189633,2020. 11. 1.,17000,432,1250000,2290,-,516
20,482081,2020. 11. 1.,7500,188,3060000,822,-,1128
21,1302726,2020. 10. 31.,25000,327,47900,1195,-,572
22,344355,2020. 11. 1.,7800,464,466000,974,-,634
23,22065,2020. 11. 3.,102,12,141000,49,-,51
24,1023734,2020. 10. 31.,28000,273,1350000,5955,-,482
25,6310404,2020. 11. 2.,450000,3200,4490000,65731,-,182
26,895086,2020. 10. 31.,28000,402,229000,1838,-,946
27,288901,2020. 11. 2.,4500,83,324000,397,-,833
28,1182427,2020. 11. 2.,140000,7600,231000,12166,-,46
29,891377,2020. 11. 1.,4300,247,1080000,1058,-,986
30,370268,2020. 11. 1.,12000,160,1300000,635,-,462
31,1282460,2020. 10. 30.,13000,541,117000,4136,-,1552
32,950427,2020. 10. 31.,11000,621,1430000,4805,-,221
33,782403,2020. 11. 2.,96000,525,721000,8079,-,131
34,696407,2020. 10. 31.,12000,518,845000,1279,-,491
35,550204,2020. 11. 1.,10000,268,279000,718,-,489
36,1216209,2020. 10. 31.,7300,417,236000,2290,-,275
37,268913,2020. 11. 2.,8500,59,646000,498,-,269
38,51000,2020. 11. 2.,0,0,11299,1454,-,202
39,685059,2020. 11. 1.,13000,380,1100000,2777,-,909
40,87241,2020. 11. 1.,1300,54,143000,83,-,1039
41,601051,2020. 10. 31.,8600,410,1180000,1177,-,717
42,118461,2020. 11. 2.,1800,25,191000,259,-,491
43,528302,2020. 10. 31.,12000,241,91500,2632,-,484
44,666030,2020. 10. 31.,42000,110,929000,5679,-,284
45,570884,2020. 10. 31.,10000,583,911000,2039,-,497
46,305486,2020. 11. 1.,5200,204,245000,664,-,245
47,4099275,2020. 10. 28.,100000,2400,65600,15296,-,485
48,61056,2020. 11. 2.,3000,37,180000,818,-,154
49,145622,2020. 10. 31.,658,62,244,58,-,5
0,1467137,2020. 11. 4.,79000,1400,1020000,13792,-,218
1,1363580,2020. 11. 4.,42000,336,1060000,6453,-,1042
2,1085064,2020. 11. 4.,34000,662,2280000,3339,-,302
3,872083,2020. 11. 5.,12000,211,4520000,1095,-,792
4,2615154,2020. 11. 2.,21000,730,282000,14001,-,1038
5,1506744,2020. 11. 3.,9800,602,1080000,2889,-,65
6,2499120,2020. 11. 2.,19000,660,2060000,7899,-,673
7,535941,2020. 11. 4.,11000,270,598000,2123,-,656
8,590549,2020. 11. 3.,4100,272,1080000,1082,-,87
9,1444925,2020. 11. 2.,9700,429,194000,2108,-,176
10,1221149,2020. 11. 4.,36000,609,1210000,6138,-,425
11,278636,2020. 11. 4.,6300,164,121000,761,-,954
12,2681264,2020. 11. 3.,210000,2300,15800000,8957,-,351
13,703085,2020. 11. 3.,3800,171,194000,773,-,79
14,1031691,2020. 11. 3.,13000,392,1260000,1349,-,752
15,387451,2020. 11. 4.,19000,643,188000,6424,-,909
16,655174,2020. 11. 4.,9800,290,1060000,1140,-,774
17,11465685,2020. 11. 3.,1270000,15000,4840000,104814,-,543
18,583315,2020. 11. 3.,7200,119,329000,539,-,184
19,613013,2020. 11. 4.,13000,414,412000,1067,-,177
20,643295,2020. 11. 3.,13000,152,93500,2097,-,255
21,110962,2020. 11. 5.,7400,53,61800,1861,-,287
22,1626895,2020. 11. 2.,9700,534,571000,1852,-,1133
23,751843,2020. 11. 2.,7900,404,661000,1486,-,83
24,342112,2020. 11. 3.,13000,186,740000,665,-,438
25,285142,2020. 11. 4.,4700,137,602000,988,-,424
26,153994,2020. 11. 5.,761,46,1320000,118,-,946
27,1269695,2020. 11. 3.,8000,241,282000,2738,-,85
28,180935,2020. 11. 4.,17000,93,35800,1237,-,225
29,273713,2020. 11. 4.,777,42,1320000,120,-,611
30,434953,2020. 11. 3.,13000,117,220000,1688,-,274
31,918653,2020. 11. 2.,6800,321,571000,2036,-,82
32,251426,2020. 11. 4.,5300,119,21600,738,-,233
33,533693,2020. 11. 4.,3600,103,1160000,1713,-,861
34,357217,2020. 11. 4.,7800,383,912000,1836,-,732
35,447107,2020. 11. 3.,10000,264,324000,1932,-,1054
36,137793,2020. 11. 4.,3400,71,248000,386,-,249
37,123522,2020. 11. 4.,4100,68,224000,861,-,939
38,102994,2020. 11. 4.,2200,71,120000,375,-,413
39,237899,2020. 11. 4.,5800,80,75700,647,-,1279
40,865771,2020. 11. 2.,13000,205,923000,1777,-,831
41,2715527,2020. 11. 1.,56000,1600,92100,6327,-,787
42,382383,2020. 11. 4.,4400,123,232000,605,-,652
43,2032145,2020. 11. 1.,22000,475,852000,4566,-,964
44,213315,2020. 11. 3.,2800,109,235000,102,-,606
45,1899609,2020. 10. 31.,12000,2500,587000,5808,-,1166
46,654206,2020. 11. 2.,12000,299,848000,1520,-,585
47,158441,2020. 11. 3.,7600,53,520000,1096,-,851
48,1033496,2020. 11. 1.,17000,367,1110000,1889,-,673
49,294956,2020. 11. 2.,0,0,11700,4102,-,269
0,2062476,2020. 11. 4.,85000,1800,1020000,15606,__ [HERO] MV,218
1,1167868,2020. 11. 5.,56000,5200,6420000,15582,[MPDì§__] ¸ì´ì_ 1 µì_ ì§__ 4K 'I CAN'T STOP ME' (TWICE FanCam No.1 Encore) | @MCOUNTDOWN_2020.11.5,305
2,888981,2020. 11. 2.,40000,575,1360000,6310,"[4K] ¡ë(MINO) ¬ë_ë²__ë¥ ¼ì_ë¸__! | Hooligan, __, Born Hater, Machine Gun, ¸ë_, °ê_, ë¶_²¼, Ok man, __ê° ",954
3,976984,2020.11.5,10000,171,138000,987,_´ì_ ¨ë_ë¸__ êµ³¼ _¸°__ê³¼ì_ __,559
4,1640945,2020.11.4,45000,407,1060000,6900,¹ì_ __ ë§__ ì»¸ë_ __ì»¤ë_ _¦¬ __,1042
5,1250294,2020.11.4,37000,755,2280000,3500,__ê´ ê· ¨ì_ _²´ëª¨ë __,302
6,433975,2020. 11. 5.,14000,78,329000,1546,¹ì___ ë§__ ì»¸ë_ __ì»¤ë_ ë°¥ë_ ê°__ ë¨¹ê_,725
7,353901,2020. 11. 5.,3800,331,140000,848,[ê¹ê°_x©ì_] __ ë³´ë_ë¹__¤ì_ ±ì___,807
8,643119,2020. 11. 5.,9100,137,4520000,687,10#__¼ì_#´ë_ ´ë¦¬¤ê_ ì§¥ë¬¸ __ë¡ ì°¾ì_ê° ê¹ë² o0o °ë¦¬_ ´ê ì§ì¼!#êµ¬ë¸ë_ | TALE OF THE NINE TAILED EP.10,715
9,1807016,2020. 11. 3.,11000,770,1080000,3513,__ë§__ ìµ__¸ì_ ì¶©ê²© ê·¼í_...¼ì_ì§__ë¡ _____ ´ì_?[__ë¥´í_¹ì_¸ì_ 449],1068
10,1010925,2020. 11. 5.,22000,435,2650000,3069,[2¸í_] __,287
11,676616,2020. 11. 4.,13000,373,601000,2366,__ ¨ë¨¹ ê³±ì°½ ë¨¹ë_ ë°©ë_,673
12,1084135,2020. 11. 5.,13000,252,4520000,1237,"9#__¼ì_#´ë___ __ ë°_ì§ ´ë__ê¹ë² ¬ì___ ¤í_ __ ', ê·¸ë_.. ê·¸ë_?'#êµ¬ë¸ë_ | TALE OF THE NINE TAILED EP.9",792
13,702857,2020. 11. 3.,4900,336,1080000,1286,"ë°°ì_ ìµ__, ìµ_·¼ ê·¼í_ ë°©ì_¼ë_ ê³µê_ ì§__ ´ì_ 2ê°ì§?[__ë¥´í_¹ì_¸ì_ 449]",656
14,401194,2020. 11. 4.,8000,271,125000,982,"""_¨¸  ¼ë©´20ê° ë¨¹ì___"" 47  ¼ë©´ê°ê² ¸ë_ê°  ¼ë_´ì_______ ë¨¹ë°© EATING SHOW RAMYUN MUKBANG",954
15,2650677,2020. 11. 2.,21000,737,282000,14051,ê°_·¸ë§ ë°_ __ ëª¨ì_ê³ ¨ê_ ¨ì_ ì± ë°_²¬ / °í_´ì_ (Yonhapnews),65
16,204708,2020. 11. 5.,8900,129,67900,2198,ë°_ ë¸__ë¡_·¸,177
17,195004,2020. 11. 6.,2400,106,55599,1477,´ì_ê· ë°©ì_ ´ì_...¨ì_¤ê_ ____ë¥ ë¬¼ì_µë_,779
18,227285,2020. 11. 6.,942,40,1320000,147,[__] _¸°ì¤ __´ë¦¼ ëª¨ì_ __ì§..? ëª¨ë_ ê² ê°ì§__ ´ì__ #____ #SBScatch,1629
19,225979,2020. 11. 5.,2700,154,303000,551,(ë§__ì¶__)©ì__ê¹ê°_ _¼¬ì¹ ë¨¹ë°©,906
20,140972,2020. 11. 5.,4800,79,92800,283,ë¯¸ì_°í_ë¡_ ´ë¦°__ ____ __ ____ë¡ _²© TVì¶__ __¬ë_¤í_ ´ì_ê´!! KBS ì½__ 7080__ 8__ ì¶____ ´ì_ __ë³´ë_...!!,435
21,2538177,2020. 11. 2.,19000,674,2070000,7938,"ê°_·¸°ë¨¼ ë°_, ëª¨ì_ê³ ¨ì_ ì± ë°_²¬...__ ì¶__ ë©_ª¨ ë°_²¬ / YTN",87
22,1523113,2020. 11. 2.,9900,451,194000,2165,"'ì¶©ê²©' __ì§, ¨ì_ ì± ë°_²¬ '__ ë©_ª¨.. ê·¸ë ë°__ ¬ì¡°ëª'",176
23,617169,2020. 11. 5.,7800,154,2030000,1090,ê°__êµ,1497
24,3055043,2020. 11. 3.,230000,2500,15800000,9410,'ìµ__ ê³µê_'  AYA - ë§__ë¬(MAMAMOO) | MAMAMOO COMEBACK SHOW ï¼_ONOLOGUEï¼,351
25,88401,2020. 11. 6.,1300,29,31400,44,ë£¨ë_ê³__ì¸__ __ë¯ ¬ì_ 17ì´ ë§__ _ ê¸°ë_ ë¡_ __ ë°__! 22_°¨ __ ì°__ ê³ ë¨¹í_ê³  ê° __ë¡ ¸ì_´ë¦¼______,145
26,1453833,2020. 11. 4.,39000,714,1210000,6523,[ì§¤í_ ¤ë¦¬ì§] _©´ (feat. ì¡´ë_),425
27,78693,2020. 11. 5.,7400,195,72100,244,#__ #_³¡ #HERO #__ë¡ ì¡°ì_ê°__ _²©ë¶__´ë³´__. ì¡°ì_ê°__ ë³ _³¡ HERO ´ë___?[ì¡°ì_ê° ´ì_ë°©ì_- __ ],894
28,778545,2020. 11. 4.,10000,407,1060000,1217,ë¦´ì¹´ ¤ì_´í_ ë¯¸ì_ ê²°ê³¼ ë°__(feat. ë¹__ ë²__),774
29,130414,2020. 11. 5.,2900,71,212000,193,ë¬´ì_ì±. ____ ë¬´ì_ ë°__ __ë³´ì_,611
30,1151992,2020. 11. 3.,14000,442,1260000,1381,"ê³_¸° ë¯¸ì_ __ë²_¦° __ ""°ì_""ë¡ ëª¨ì_µë_.",752
31,13449801,2020. 11. 3.,1330000,17000,4850000,110975,[MV] ë§__ë¬ (MAMAMOO) - AYA,184
32,460651,2020. 11. 4.,21000,771,189000,6969,[¨ë_] UFC ¤ë¥´_ ¨ë°° ´í_ _°¬ ê·¼í_. ì§_¬¸ë¶ __ê¹_ ëª¨ë_ µë´ë_ë¦¬ê_µë_ [Korean Zombie Chan Sung Jung],909
33,94360,2020. 11. 5.,2600,44,132000,69,"ê³_ ëª¨ë_ê²! ´ê_ë§__ì§__ ê³_¥´__,ë³´êë²,ë¨¹ë_ë²,¨ë_",326
34,693491,2020. 11. 3.,8300,138,332000,647,[#¤ì] êµ¬ë¸ë_ ê· ê¼¬ë§¹´ì_ __ ë°_ì§¤ð_ ê¹__ __´ì ê¹ë²__ ½í_ _¬¼__ ¬ì___ | #êµ¬ë¸ë_ #_,543
35,713385,2020. 11. 4.,14000,581,413000,1122,20´ì_ ì² ëª__  ì¡°ë_,255
36,764171,2020. 11. 3.,4000,190,194000,795,"__ì§, ¬í_ ë¹__ __, '¤ë_ __¸ë_..' ¥ë__ _¬¼ ë°__ 'ë¶ê² _¸°ë¡'",79
37,87950,2020. 11. 5.,11000,153,28800,623,__ _³¡(__ë¡ HERO)ë¦¬ë·° __ _ì§ ¸ê___ __ë¡ ê¸°ì_ê² °ì£¼¤í __ ë¦¬ë·°~ ¨ê_ ì£¼ì_ ~ ____~!!!!!,589
38,272865,2020. 11. 5.,1000,77,1320000,207,[__] ëª¨ë_ ê² __ ¨í_ _¸°ì¤ ê¸ ¤í_ ·ã_ ´ì ¬ê¸°ê²°í_ ¤í_..? #____ #SBScatch,1133
39,858790,2020. 11. 3.,17000,209,94400,2492,__ê² ì£¼ë_ ê² __ ì¢_ ¬ë_ #ë©__´í_ê·¹ì_ë°___¬ë_,287
40,137632,2020. 11. 5.,5500,26,509000,658,"""__ ë¬´ì_"" ë©__ __!",753
41,174232,2020. 11. 5.,9700,124,5960000,311,[¼ì_ì§__ 4K] ¸ì´ì_ - __ ìº__ ¤í_ ë¯ (TWICE - I CAN'T STOP ME) l #¼ì_¼ì_ l EP.377,211
42,423703,2020. 11. 3.,15000,224,746000,794,__[ë¯¸êµ­__ì§] ê³µí_¹ê³¼ ë¯¼ì£¼¹ì_ _,946
43,240691,2020. 11. 5.,3200,51,741000,399,"[__] __ ë¨¹ì_ ë¹__, _µ­ __ ìµ__ ê³µê_!",73
44,124532,2020. 11. 5.,5700,74,901000,795,´ëë¡ ì»¨í_ì¸ ì¤__..? | ____´ì_ Ep.4,1083
45,346673,2020. 11. 4.,9800,590,961000,778,"'__ë¯¼ì_ê² ¨ì_'? ë¬´ë¦¬ ½ì»¤ë£ ¹ì·¨ë¡, _¦¬ì§ë¥ ´ì_",331
46,97800,2020. 11. 5.,3800,34,107000,2250,ë¬´ë_±ì_ ê¸°ì__©´ ë²__ì§ë© ¬ë_ ,601
47,56378,2020. 11. 5.,5800,26,152000,1374,[ì§_³¼ê¿] ì¹´ì_¸ë_,247
48,146237,2020. 11. 4.,4500,84,224000,911,__¨ë§¤ __ __µê!? ì§__ __ __?? (__¼ì_),939
49,37664,2020. 11. 5.,4200,31,14400,189,"[ENG SUB] ___ ë°__ __ ""HERO""ê° ë°__ ´ì_!! Lim Young Woong ""HERO"" Review",286
0,2318008,2020. 11. 6.,34000,744,3780000,2533,ë¡_¼¬ ____ë§__ °í_ _¸°?! _ë¶ ê¸_´´ê¹_  __ ë°__ ëª¨ë_ê± ____ __ ê´¸ì²­ ì§__ ë¦¬ë·° | __ë§ ep.75,823
1,2023132,2020. 11. 6.,61000,466,1050000,11991,____ ë§__ ¤ê_´ì_µë_ [¤ê_] Ep.11,889
2,969405,2020. 11. 6.,14000,253,1170000,950,"ê°__±ì_ __ ì²__ê², __ ê²¬ì_ 3ê°__ __ ___  ¸ì_ °ê·¸ | ê°__±ì_ ë©__ì¿",971
3,585586,2020. 11. 7.,10000,143,2270000,840,_ep.3-2 ì´__ __ ë§_¡±__ ìµ__ _£¼?! #¸ì_ê¹_´ê¹¨ì¶¤ì_ì¶___±°,863
4,2066371,2020. 11. 5.,70000,8500,6430000,22076,[MPDì§__] ¸ì´ì_ 1 µì_ ì§__ 4K 'I CAN'T STOP ME' (TWICE FanCam No.1 Encore) | @MCOUNTDOWN_2020.11.5,305
5,2585917,2020. 11. 4.,89000,2100,1020000,16856,__ [HERO] MV,218
6,1381401,2020. 11. 6.,53000,802,1360000,8147,"[4K] ¡ë(MINO) ¬ë_ë²__ë¥ ¼ì_ë¸__! | Hooligan, __, Born Hater, Machine Gun, ¸ë_, °ê_, ë¶_²¼, Ok man, __ê° ",954
7,441817,2020. 11. 5.,3800,91,2230000,351,[#_´ì_¨ë_ë¸__] ´ì_ ë°©ì_ ë²____&ë²__ì¡°ì_ê´ ! __ë§_ __ êµ³¼__ __ | #ê°_µ¬´í_ë¦ #Diggle,892
8,329313,2020. 11. 6.,3400,164,1070000,254,[TV _¬¼__ __] _©¸ì¢ _¸° _ ì¶__ __ 24_ ë²__ ¤ì_ë³´ê¸° I TV_¬¼__ (Animal Farm) | SBS Story,837
9,888181,2020. 11. 6.,37000,790,5340000,1572,[K-Choreo 8K] ¸ì´ì_ ì§__ I CAN'T STOP ME (TWICE Choreography) l @MusicBank 201106,224
10,665967,2020. 11. 6.,16000,565,126000,3146,Chocolate Fondue ASMR Mukbang ì´___ ì§__ ë§__´ì_ ë¨¹ë°©!,632
11,1232120,2020. 11. 5.,24000,529,2650000,3308,[2¸í_] __,287
12,1469352,2020. 11. 6.,170000,1800,22500000,8526,1MILLION X K/DA - MORE,218
13,479693,2020. 11. 6.,5800,156,604000,822,"_ 2ê°__ ë¨¹ë°©ê³ __ë³ ±ì_? ___²½ ê²°ê³¼ ê³µê_!_utant with 2 Stomachs?! Revealing the Gastroscope Result, too!!",302
14,219960,2020. 11. 6.,4500,129,629000,494,¼êµ´__ ì¹__ë¨¹ë°©ë§ ë³´ê_ ì¡´ì_ ì°¾ì ì¡´ì_ (Mukbang Fried Chicken/Spicy Fried Chicken/ì§__ì¹__) #ë¨¹ê_ #NEWë£©ê_13,874
15,462222,2020. 11. 7.,9000,91,2270000,559,_ep.3-1 __ì¤__~_ ì½__ë³! ë§__ë¡ ê° ´ê¹¨ì¶ ¸ë_! #¸ì_ê¹_´ê¹¨ì¶¤ì_ì¶___±°,854
16,1399982,2020. 11. 4.,39000,825,2280000,3668,__ê´ ê· ¨ì_ & _²´ ëª¨ë __ [ì´__ëª__ ¬ì__],302
17,1814239,2020. 11. 4.,48000,437,1060000,7192,¹ì___ ë§__ ì»¸ë_ __ì»¤ë_ _¦¬ __,1042
18,74432,2020. 11. 6.,2800,34,98000,76,A thought on an autumn night (ê°_°¤  __),187
19,591501,2020. 11. 6.,1800,106,1320000,311,[__] _¸°ì¤ __´ë¦¼ ëª¨ì_ __ì§..? ëª¨ë_ ê² ê°ì§__ ´ì__ #____ #SBScatch,1629
20,197509,2020. 11. 6.,4600,143,79500,626,1000ë§__ì§_¦¬ __ #1 [ê¸°ì_ ¤ë¦´¬í_],224
21,623726,2020. 11. 6.,23000,300,2790000,3275,90__ ê±´ë¬¼ _¦¬_¸°,294
22,577585,2020. 11. 5.,16000,96,331000,1697,¹ì___ ë§__ ì»¸ë_ __ì»¤ë_ ë°¥ë_ ê°__ ë¨¹ê_,725
23,556902,2020. 11. 6.,5700,124,335000,530,__ __? êµ¬ë¸ë_ ê¹©ì¥í_ ëª¨ì_ 2. ¸ë_ê¾ ¬ì_ ë°__ì§__ ê°_£¼__¨ï_#ì¼ë¯¸ì__¦¬ #_,341
24,2405491,2020. 11. 3.,15000,1000,1090000,4430,__ë§__ ìµ__¸ì_ ì¶©ê²© ê·¼í_...¼ì_ì§__ë¡ _____ ´ì_?[__ë¥´í_¹ì_¸ì_ 449],1068
25,292133,2020. 11. 6.,5200,115,345000,846,ì±__¨ì_ __©ë_..ê³__ì°¾ì_ __ __ë§_¦¬ °ì_¼ì_ê² ¼ì_ì§ ì¶©ê²©__ __..[__¤í_],786
26,472570,2020. 11. 5.,4300,595,141000,1077,[ê¹ê°_x©ì_] __ ë³´ë_ë¹__¤ì_ ±ì___,807
27,912222,2020. 11. 5.,10000,189,4530000,805,10#__¼ì_#´ë_ ´ë¦¬¤ê_ ì§¥ë¬¸ __ë¡ ì°¾ì_ê° ê¹ë² o0o °ë¦¬_ ´ê ì§ì¼!#êµ¬ë¸ë_ | TALE OF THE NINE TAILED EP.10,715
28,6652207,2020. 11. 6.,910000,9300,2760000,273173,TREASURE - __ (MMM) M/V,216
29,326344,2020. 11. 6.,3200,182,56400,1803,´ì_ê· ë°©ì_ ´ì_...¨ì_¤ê_ ____ë¥ ë¬¼ì_µë_,779
30,372138,2020. 11. 5.,1400,105,1320000,253,[__] ëª¨ë_ ê² __ ¨í_ _¸°ì¤ ê¸ ¤í_ ·ã_ ´ì ¬ê¸°ê²°í_ ¤í_..? #____ #SBScatch,1133
31,124170,2020. 11. 6.,6200,103,825000,679,¸ì_ ë¶ì°__ë¥ ë§___ ë¦¬ì_¬ì_ ë¨¹ë°© (with. ¥ì_¨ëë¦) | ¤ë_ë§ ë¨¹ì_ | Budae-jjigae Mukbang,888
32,120910,2020. 11. 6.,982,46,255000,36,"ê¹¥êì¹__ '´ê_'ë§ £ì_ë©, ë§__ ë°°ê ____",235
33,141146,2020. 11. 6.,4100,61,64400,446,[±ë_´ë§¥] ±ë_´ë§¥ __ ê°__..__ __¬ì_ ê¹ë¯¼ì___.  ë¶__ë¦½ë_!,778
34,640566,2020. 11. 7.,5200,128,7740000,3885,SMTM9 [4/ë²__] TEAM ì½__ ì¿¤ì_ X ____ @3ì° __ I ë¦¬ë_ __ ¸ì_ Full ver. EP.4 201106,823
35,347945,2020. 11. 6.,13000,121,211000,2267,êµ¬ë_ __ °ë_ »ë_ _²­ ê¸°ë_..!,148
36,616105,2020. 11. 6.,19000,871,1550000,2201,____ ë³´ë(Apink Bomi)ê»__ ì§__êµ¬ë¦¬ë¥ __ ¤ì_µë_!!,956
37,843268,2020. 11. 3.,6000,413,1090000,1589,"ë°°ì_ ìµ__, ìµ_·¼ ê·¼í_ ë°©ì_¼ë_ ê³µê_ ì§__ ´ì_ 2ê°ì§?[__ë¥´í_¹ì_¸ì_ 449]",656
38,795955,2020. 11. 4.,14000,450,604000,2530,__ ¨ë¨¹ ê³±ì°½ ë¨¹ë_ ë°©ë_,673
39,256977,2020. 11. 6.,11000,123,484000,3574,____. ___.,212
40,496216,2020. 11. 4.,9400,356,130000,1140,"""_¨¸  ¼ë©´20ê° ë¨¹ì___"" 47  ¼ë©´ê°ê² ¸ë_ê°  ¼ë_´ì_______ ë¨¹ë°© EATING SHOW RAMYUN MUKBANG",954
41,277752,2020. 11. 5.,9900,180,73100,2334,ë°_ ë¸__ë¡_·¸,177
42,286805,2020. 11. 5.,3000,300,304000,619,(ë§__ì¶__)©ì__ê¹ê°_ _¼¬ì¹ ë¨¹ë°©,906
43,185129,2020. 11. 5.,5500,95,96400,310,ë¯¸ì_°í_ë¡_ ´ë¦°__ ____ __ ____ë¡ _²© TVì¶__ __¬ë_¤í_ ´ì_ê´!! KBS ì½__ 7080__ 8__ ì¶____ ´ì_ __ë³´ë_...!!,435
44,262295,2020. 11. 5.,5700,125,135000,148,"ê³_ ëª¨ë_ê²! ´ê_ë§__ì§__ ê³_¥´__,ë³´êë²,ë¨¹ë_ë²,¨ë_",326
45,211291,2020. 11. 6.,3400,101,540000,161,´ì___ ´ì_ ë§__¦´ê²__,346
46,31426,2020. 11. 6.,197,15,74100,76,"'êµ_ ìµ__' ____ GV70 ¤ë¬¼ ë¦¬ë·°!!! ë³´ë_ ëª¨ì_ ?!!(2.5 ê°_¦° °ë³´, ë¬´ê_ __)",603
47,138113,2020. 11. 6.,1700,50,31500,59,ë£¨ë_ê³__ì¸__ __ë¯ ¬ì_ 17ì´ ë§__ _ ê¸°ë_ ë¡_ __ ë°__! 22_°¨ __ ì°__ ê³ ë¨¹í_ê³  ê° __ë¡ ¸ì_´ë¦¼______,145
48,240045,2020. 11. 6.,4400,85,894000,361,"____ ë°____ ¹ì_, ë¬´ë³´ __ëª¸ë§¤ + __ê³ ë­ ë¨¹ì___?",468
49,1633839,2020. 11. 4.,42000,788,1210000,6720,[ì§¤í_ ¤ë¦¬ì§] _©´ (feat. ì¡´ë_),425
0,2479148,2020. 11. 6.,69000,605,1060000,13864,____ ë§__ ¤ê_´ì_µë_ [¤ê_] Ep.11,889
1,3008234,2020. 11. 6.,39000,1000,3780000,2918,ë¡_¼¬ ____ë§__ °í_ _¸°?! _ë¶ ê¸_´´ê¹_  __ ë°__ ëª¨ë_ê± ____ __ ê´¸ì²­ ì§__ ë¦¬ë·° | __ë§ ep.75,824
2,939751,2020. 11. 7.,14000,225,2270000,1084,_ep.3-2 ì´__ __ ë§_¡±__ ìµ__ _£¼?! #¸ì_ê¹_´ê¹¨ì¶¤ì_ì¶___±°,863
3,1238319,2020. 11. 7.,34000,684,2290000,3124,¥ë___ [ì´__ëª ¨í_],145
4,1798286,2020. 11. 6.,20000,408,1170000,1437,"ê°__±ì_ __ ì²__ê², __ ê²¬ì_ 3ê°__ __ ___  ¸ì_ °ê·¸ | ê°__±ì_ ë©__ì¿",971
5,2495139,2020. 11. 5.,75000,10000,6430000,24598,[MPDì§__] ¸ì´ì_ 1 µì_ ì§__ 4K 'I CAN'T STOP ME' (TWICE FanCam No.1 Encore) | @MCOUNTDOWN_2020.11.5,305
6,335615,2020. 11. 7.,8800,98,57300,503,(ENG) ____. ë§__ì²__ì¡°ì __ ë¸__ì¹ __ê¸.,309
7,1395420,2020. 11. 5.,25000,601,2650000,3528,[2¸í_] __,287
8,665891,2020. 11. 5.,5800,137,2240000,600,[#_´ì_¨ë_ë¸__] ´ì_ ë°©ì_ ë²____&ë²__ì¡°ì_ê´ ! __ë§_ __ êµ³¼__ __ | #ê°_µ¬´í_ë¦ #Diggle,892
9,2971625,2020. 11. 4.,92000,2200,1020000,17710,__ [HERO] MV,218
10,874533,2020. 11. 6.,19000,145,2870000,2044,[__¼ì_]_µ¬ ¸ì_´ê±´ ____ ë¨¸ë¬¼ ê° __ __... #___¸°8 | tvnbros8 EP.5,275
11,580331,2020. 11. 6.,5700,272,1070000,395,[TV _¬¼__ __] _©¸ì¢ _¸° _ ì¶__ __ 24_ ë²__ ¤ì_ë³´ê¸° I TV_¬¼__ (Animal Farm) | SBS Story,837
12,449836,2020. 11. 7.,7500,261,616000,1879,´ë_ ì¹__ ë¨¹ë°©,716
13,709916,2020. 11. 7.,11000,137,2270000,715,_ep.3-1 __ì¤__~_ ì½__ë³! ë§__ë¡ ê° ´ê¹¨ì¶ ¸ë_! #¸ì_ê¹_´ê¹¨ì¶¤ì_ì¶___±°,854
14,673992,2020. 11. 6.,6900,412,3750000,1896,[ê¼¬ê¼¬ë¬] 7 __ 'ë§__ë¡ ±ì_ 4ëª__ __ __ ë¬´ë_  ë°__' | SBS NOW,1177
15,1572892,2020. 11. 6.,58000,883,1370000,8683,"[4K] ¡ë(MINO) ¬ë_ë²__ë¥ ¼ì_ë¸__! | Hooligan, __, Born Hater, Machine Gun, ¸ë_, °ê_, ë¶_²¼, Ok man, __ê° ",954
16,1075389,2020. 11. 6.,22000,923,144000,3948,Chocolate Fondue ASMR Mukbang ì´___ ì§__ ë§__´ì_ ë¨¹ë°©!,632
17,120367,2020. 11. 7.,1600,76,147000,61,"½ê_ ____! ê°_¬´__ ë§__ê² ´ê·¸__, ë¬´ì_ì±_¬´ì¹ ë§__ê² ë§__ê¸ / ë¬´ì___ ´ê·¸__",511
18,219118,2020. 11. 7.,5100,108,1190000,1108,°ì_ì¡°ê_ì¼ ë¨¹ë°© (with_),482
19,138773,2020. 11. 6.,4200,55,99500,113,A thought on an autumn night (ê°_°¤  __),187
20,2117832,2020. 11. 6.,220000,2600,22500000,9792,1MILLION X K/DA - MORE,218
21,307256,2020. 11. 6.,5300,187,631000,567,¼êµ´__ ì¹__ë¨¹ë°©ë§ ë³´ê_ ì¡´ì_ ì°¾ì ì¡´ì_ (Mukbang Fried Chicken/Spicy Fried Chicken/ì§__ì¹__) #ë¨¹ê_ #NEWë£©ê_13,874
22,1324577,2020. 11. 6.,47000,1000,5340000,1906,[K-Choreo 8K] ¸ì´ì_ ì§__ I CAN'T STOP ME (TWICE Choreography) l @MusicBank 201106,224
23,596262,2020. 11. 6.,8500,169,346000,1258,ì±__¨ì_ __©ë_..ê³__ì°¾ì_ __ __ë§_¦¬ °ì_¼ì_ê² ¼ì_ì§ ì¶©ê²©__ __..[__¤í_],786
24,596158,2020. 11. 6.,6300,199,605000,903,"_ 2ê°__ ë¨¹ë°©ê³ __ë³ ±ì_? ___²½ ê²°ê³¼ ê³µê_!_utant with 2 Stomachs?! Revealing the Gastroscope Result, too!!",302
25,238443,2020. 11. 7.,8000,119,468000,1621, ë§__ °ì_,394
26,2288217,2020. 11. 8.,46000,950,2360000,2148,Chelsea 4-1 Sheffield United | Ziyech Stars As Silva Scores 1st Goal! | Premier League Highlights,138
27,508508,2020. 11. 7.,9100,190,517000,1606,ë§__ ¤í_´í_ : __ _µ­¸ì_ë© K-¤í_´í_ ì¢ _¦¬©ì_,598
28,748008,2020. 11. 7.,17000,561,844000,3644,[_¶©__] ë§__ë°_¸°,257
29,808967,2020. 11. 6.,2200,141,1320000,401,[__] _¸°ì¤ __´ë¦¼ ëª¨ì_ __ì§..? ëª¨ë_ ê² ê°ì§__ ´ì__ #____ #SBScatch,1629
30,1464229,2020. 11. 4.,40000,847,2290000,3702,__ê´ ê· ¨ì_ & _²´ ëª¨ë __ [ì´__ëª__ ¬ì__],302
31,1924921,2020. 11. 4.,49000,451,1070000,7313,¹ì___ ë§__ ì»¸ë_ __ì»¤ë_ _¦¬ __,1042
32,736388,2020. 11. 6.,25000,374,2790000,3486,90__ ê±´ë¬¼ _¦¬_¸°,294
33,215256,2020. 11. 6.,5400,74,192000,709,¨ì_ì¹__ê² ì¢____ê³ ë§__ë³´ì_.,554
34,89688,2020. 11. 8.,2800,25,184000,179,"[¨í_ ____ __ ê³¨í___] __´ë_, ´ëë¡__ ì­ _   __ë©...",784
35,218777,2020. 11. 6.,4200,64,169000,103,"ê¹ì°½ì_ êµ__ #04 | ë§__ ê±´ê_ ¬ë_¤ì_ ¹ì_, ¥ì_ì§ _ ë¯¸ë_ë¥ ê±±ì__ ë§__ | #´ì_¤ì_ë¥ #¬í___",222
36,245232,2020. 11. 6.,5000,177,80500,710,1000ë§__ì§_¦¬ __ #1 [ê¸°ì_ ¤ë¦´¬í_],224
37,651697,2020. 11. 5.,17000,108,332000,1766,¹ì___ ë§__ ì»¸ë_ __ì»¤ë_ ë°¥ë_ ê°__ ë¨¹ê_,725
38,63965,2020. 11. 7.,997,13,19900,212,[#ë¯¸ì_ë° EP5___ CUT] »ì_ì¿µì£¼_ ___ ì¹´ë¦¬¤ë__ë¡ ¬í___ ë¬´ë! _ '__',619
39,2777627,2020. 11. 3.,17000,1100,1090000,4984,__ë§__ ìµ__¸ì_ ì¶©ê²© ê·¼í_...¼ì_ì§__ë¡ _____ ´ì_?[__ë¥´í_¹ì_¸ì_ 449],1068
40,562373,2020. 11. 7.,8900,99,208000,1005,__ (HA SUNG WOON) - 'ê·  (Forbidden Island)' M/V Teaser 2,28
41,8798811,2020. 11. 6.,980000,11000,2780000,339340,TREASURE - __ (MMM) M/V,180
42,546780,2020. 11. 5.,4600,667,142000,1149,[ê¹ê°_x©ì_] __ ë³´ë_ë¹__¤ì_ ±ì___,807
43,63846,2020. 11. 7.,523,32,72500,223,¹êµ¬ ¬ì___ ´ê¸° _©´ __ ´ì_,796
44,154257,2020. 11. 6.,1100,62,255000,46,"ê¹¥êì¹__ '´ê_'ë§ £ì_ë©, ë§__ ë°°ê ____",235
45,123444,2020. 11. 6.,2900,68,0,464,ë±__ _¸°__ ê¸°ì_ì¶©ì_¼ë_ ë¯¸ì_ ì¹_µ¬ | ¬ì_¤ì_ | __ [____ë¸],211
46,823307,2020. 11. 6.,23000,1000,1550000,2546,____ ë³´ë(Apink Bomi)ê»__ ì§__êµ¬ë¦¬ë¥ __ ¤ì_µë_!!,956
47,328100,2020. 11. 6.,12000,152,486000,3882,____. ___.,212
48,603129,2020. 11. 4.,11000,422,136000,1320,"""_¨¸  ¼ë©´20ê° ë¨¹ì___"" 47  ¼ë©´ê°ê² ¸ë_ê°  ¼ë_´ì_______ ë¨¹ë°© EATING SHOW RAMYUN MUKBANG",954
49,421169,2020. 11. 6.,14000,149,212000,2532,êµ¬ë_ __ °ë_ »ë_ _²­ ê¸°ë_..!,148
0,2714108,2020. 11. 6.,72000,714,1060000,14962,____ ë§__ ¤ê_´ì_µë_ [¤ê_] Ep.11,538
1,3428966,2020. 11. 6.,44000,1100,3780000,3257,ë¡_¼¬ ____ë§__ °í_ _¸°?! _ë¶ ê¸_´´ê¹_  __ ë°__ ëª¨ë_ê± ____ __ ê´¸ì²­ ì§__ ë¦¬ë·° | __ë§ ep.75,824
2,464965,2020. 11. 8.,4700,405,143000,1130,¼ë©´ 10ê° ë¨¹ë_ ë³´ë_ë¹__ ë¶ë¶,481
3,1121179,2020. 11. 7.,16000,271,2280000,1208,[sub]_ep.3-2 ì´__ __ ë§_¡±__ ìµ__ _£¼?! #¸ì_ê¹_´ê¹¨ì¶¤ì_ì¶___±°,863
4,435728,2020. 11. 8.,8200,156,1060000,594,[¤í_ì¹´ë_] ¬ì___ __ ¤í_ ì¹__ _ ì»¤í_ __ë¸ __ê³ __ ë°__?______,935
5,2649443,2020. 11. 6.,28000,625,1180000,1897,"ê°__±ì_ __ ì²__ê², __ ê²¬ì_ 3ê°__ __ ___  ¸ì_ °ê·¸ | ê°__±ì_ ë©__ì¿",971
6,1377791,2020. 11. 7.,36000,774,2290000,3251,¥ë___ [ì´__ëª ¨í_],1177
7,978096,2020. 11. 6.,9800,704,3750000,2828,[ê¼¬ê¼¬ë¬] 7 __ 'ë§__ë¡ ±ì_ 4ëª__ __ __ ë¬´ë_  ë°__' | SBS NOW,145
8,389276,2020. 11. 8.,7400,295,1190000,642,ENG/IND] [PRANK] ì§__ê° ¬ì_ì¹_µ¬ ¡í_ __ ì¡´ì_ê° ¤ì___ë©?!!____(¡í_ ê°_¹¡ì¹) - [____ï½_OODBOYZ],351
9,249725,2020. 11. 8.,6100,106,0,610,[¬ì_] ê¸! ____ ì¡°ì_..ë°__ ê°____ ê¸__ ì¹_µ¬ [ë§__],631
10,476432,2020. 11. 7.,10000,132,59000,607,(ENG) ____. ë§__ì²__ì¡°ì __ ë¸__ì¹ __ê¸.,309
11,2667337,2020. 11. 5.,76000,10000,6440000,25617,[MPDì§__] ¸ì´ì_ 1 µì_ ì§__ 4K 'I CAN'T STOP ME' (TWICE FanCam No.1 Encore) | @MCOUNTDOWN_2020.11.5,305
12,804353,2020. 11. 9.,9000,545,6070000,842,Highlights Valencia CF vs Real Madrid (4-1),91
13,1079507,2020. 11. 6.,22000,189,2870000,2353,[__¼ì_]_µ¬ ¸ì_´ê±´ ____ ë¨¸ë¬¼ ê° __ __... #___¸°8 | tvnbros8 EP.5,837
14,760585,2020. 11. 6.,7300,353,1070000,506,[TV _¬¼__ __] _©¸ì¢ _¸° _ ì¶__ __ 24_ ë²__ ¤ì_ë³´ê¸° I TV_¬¼__ (Animal Farm) | SBS Story,274
15,200881,2020. 11. 8.,17000,486,275000,3430,ë¡_±´ê·¸ë¦´  ë¶ì¶ ë°_ __¸í_¤í_´í_,321
16,1453786,2020. 11. 5.,26000,627,2650000,3601,[2¸í_] __,287
17,210044,2020. 11. 8.,3000,171,1020000,806,____ _³´ë¥´ê¸°_ê³__ ____¤ì___,225
18,163564,2020. 11. 8.,4600,110,254000,423,´ì_ ë¶ë¶__ ëª¨ë¥´ ´ê¸°__ ë²__ ¨ê²¨ì§ ê¸°ë_ + __ì° ´ë ê´ë¦ ë°©ë_ / HIDDEN FEATURES OF MY CARS [ ì°¨ì_ì°¨ë_ ],268
19,3195679,2020. 11. 4.,94000,2200,1020000,18315,__ [HERO] MV,218
20,1663244,2020. 11. 6.,60000,914,1370000,8873,"[4K] ¡ë(MINO) ¬ë_ë²__ë¥ ¼ì_ë¸__! | Hooligan, __, Born Hater, Machine Gun, ¸ë_, °ê_, ë¶_²¼, Ok man, __ê° ",954
21,126727,2020. 11. 8.,3500,41,184000,216,"[¨í_ ____ __ ê³¨í___] __´ë_, ´ëë¡__ ì­ _   __ë©...",854
22,825060,2020. 11. 7.,12000,151,2280000,814,[sub]_ep.3-1 __ì¤__~_ ì½__ë³! ë§__ë¡ ê° ´ê¹¨ì¶ ¸ë_! #¸ì_ê¹_´ê¹¨ì¶¤ì_ì¶___±°,784
23,174029,2020. 11. 8.,3700,97,577000,426,"eng)ê²°í_ D-42__¼ì_ ê³____, êµ__¬ê_ ¹í__(__ì³¤ì_!) _¡´ê° __ê¸, ê¹°ë_ ´ë¨¹ê¸",2098
24,196091,2020. 11. 6.,5000,66,100000,131,A thought on an autumn night (ê°_°¤  __),187
25,74356,2020. 11. 6.,608,60,60700,36,êµ´ì_/´ë_ê² ë§___©´ _£¼ ê°____ ë§__´ì_,60
26,1162778,2020. 11. 6.,24000,1000,152000,4123,Chocolate Fondue ASMR Mukbang ì´___ ì§__ ë§__´ì_ ë¨¹ë°©!,632
27,724607,2020. 11. 6.,9900,216,346000,1445,ì±__¨ì_ __©ë_..ê³__ì°¾ì_ __ __ë§_¦¬ °ì_¼ì_ê² ¼ì_ì§ ì¶©ê²©__ __..[__¤í_],786
28,48737,2020. 11. 8.,609,24,97100,637,[2020 FA CUP] ê²°ì_ 2ì°¨ì_ __ vs ¸ì_ __¼ì_,816
29,143256,2020. 11. 7.,1800,93,148000,69,"½ê_ ____! ê°_¬´__ ë§__ê² ´ê·¸__, ë¬´ì_ì±_¬´ì¹ ë§__ê² ë§__ê¸ / ë¬´ì___ ´ê·¸__",511
30,552897,2020. 11. 7.,8300,314,617000,2010,´ë_ ì¹__ ë¨¹ë°©,559
31,2103214,2020. 11. 5.,19000,373,144000,1962,[#__¼ì_#] _µ­  7ëª __ ì§__? êµ³¼ _¸°__ê³¼ì_ __ #_´ì_¨ë_ë¸__ | YOU QUIZ ON THE BLOCK EP.79,716
32,287991,2020. 11. 8.,9300,94,487000,1580,ìª__ë¡,175
33,614055,2020. 11. 7.,9700,222,518000,1683,ë§__ ¤í_´í_ : __ _µ­¸ì_ë© K-¤í_´í_ ì¢ _¦¬©ì_,598
34,348028,2020. 11. 6.,5700,206,632000,591,¼êµ´__ ì¹__ë¨¹ë°©ë§ ë³´ê_ ì¡´ì_ ì°¾ì ì¡´ì_ (Mukbang Fried Chicken/Spicy Fried Chicken/ì§__ì¹__) #ë¨¹ê_ #NEWë£©ê_13,874
35,2462234,2020. 11. 6.,250000,3000,22500000,10403,1MILLION X K/DA - MORE,218
36,195953,2020. 11. 8.,4100,85,364000,63,ë°¥ì___ ê¿ë°_°¬ ¤ë___ ë¨¹ì_  __ ë³´ë_ë³´ë_ ©í_ ê³__ ¥ì_ì°,508
37,296390,2020. 11. 7.,5800,138,1190000,1218,°ì_ì¡°ê_ì¼ ë¨¹ë°© (with_),482
38,653573,2020. 11. 6.,6800,218,605000,974,"_ 2ê°__ ë¨¹ë°©ê³ __ë³ ±ì_? ___²½ ê²°ê³¼ ê³µê_!_utant with 2 Stomachs?! Revealing the Gastroscope Result, too!!",302
39,1421338,2020. 11. 6.,48000,1000,5350000,2019,[K-Choreo 8K] ¸ì´ì_ ì§__ I CAN'T STOP ME (TWICE Choreography) l @MusicBank 201106,229
40,1104190,2020. 11. 8.,220000,839,2790000,12091,TREASURE - __ (MMM) 1108 SBS Inkigayo,224
41,837983,2020. 11. 7.,18000,631,845000,3904,[_¶©__] ë§__ë°_¸°,257
42,890841,2020. 11. 6.,2500,164,1320000,434,[__] _¸°ì¤ __´ë¦¼ ëª¨ì_ __ì§..? ëª¨ë_ ê² ê°ì§__ ´ì__ #____ #SBScatch,1629
43,283609,2020. 11. 6.,5200,91,173000,129,"ê¹ì°½ì_ êµ__ #04 | ë§__ ê±´ê_ ¬ë_¤ì_ ¹ì_, ¥ì_ì§ _ ë¯¸ë_ë¥ ê±±ì__ ë§__ | #´ì_¤ì_ë¥ #¬í___",222
44,293963,2020. 11. 7.,8700,144,468000,1725, ë§__ °ì_,393
45,2792742,2020. 11. 8.,51000,1100,2360000,2405,Chelsea 4-1 Sheffield United | Ziyech Stars As Silva Scores 1st Goal! | Premier League Highlights,138
46,104824,2020. 11. 7.,6300,48,2630000,391,[4K] ê°_°¤ ¤ì_ë© ê°¬ì_  ì¶©ì_ __ '__ë¹-ê°_°¤  __' (Acoustic Ver.)£ì_ë¡__´ë__annabi£ì_ì¿__ ë²__ Live£ë_ê³_ì§__Dingo Music,214
47,47160,2020. 11. 7.,2200,58,290000,157,ë¯¸êµ­ ´ì_ë³´ë_ ë¯¸êµ­ _µ­ _ °ë_ê°  __ ë¶__ 3ê°ì§,545
48,248532,2020. 11. 6.,5800,99,193000,780,¨ì_ì¹__ê² ì¢____ê³ ë§__ë³´ì_.,554
49,770229,2020. 11. 6.,25000,388,2790000,3572,90__ ê±´ë¬¼ _¦¬_¸°,294
0,5732038,2020. 11. 9.,600000,10000,46500000,159879,GFRIEND (¬ì_ì¹_µ¬) 'MAGO' Official M/V,538
1,1038821,2020. 11. 9.,51000,24000,4690000,24754,SUB)ë§¤ì½¤¬ì½¤ __ë³¶ì_ ____ê¸°êµ­ ì§_°¥ ë¨¹ë°© ë¦¬ì_¬ì_ Jeyukbokkeum mukbang ASMR,824
2,4069304,2020. 11. 10.,1250000,3500,39900000,70236,[PREVIEW] BTS (ë°©í___) '2021 SEASON_ GREETINGS' SPOT (BTS GOES RETRO),481
3,834410,2020. 11. 9.,93000,1000,1470000,8193,"GFRIEND, MAGO_FRIEND COMEBACK SHOW [:Walpurgis Night]",863
4,247052,2020. 11. 10.,2400,119,1080000,239,"[TV _¬¼__ __] __ _ 5¨ë§¤, ¼ë_ ±ì_ ¼ê¸° ë²__ ¤ì_ë³´ê¸° I TV_¬¼__ (Animal Farm) | SBS Story",935
5,595058,2020. 11. 10.,10000,153,1540000,1568,ë¸____ ë¶__ ë§__µë_.. ì§__ ê¿__ê°?,971
6,1016489,2020. 11. 9.,9700,207,929000,9785,____ ¬ë_ ì£½ì___ 'ê°ë§__ __'?_¤í_ë§ ¨ì_ ê±°ë _¬¼ì° ê¸°ì_ / ë¹__¤ë¨¸ê·,1177
7,168667,2020. 11. 9.,4500,239,34600,197,[TVì¡°ì_ ì¡°ì_] __ __ ì§ __ ì§__  ¬ë_ ??__ï¸_____ï¸ __ _¦° __ __ ê¶__ ìµ__ê³µê_!! #TVCHOSUNJOY #ì§__êµ¬ë¦¬,145
8,2944778,2020. 11. 6.,75000,774,1060000,15953,____ ë§__ ¤ê_´ì_µë_ [¤ê_] Ep.11,351
9,3873438,2020. 11. 6.,48000,1200,3790000,3572,[ENG] ë¡_¼¬ ____ë§__ °í_ _¸°?! _ë¶ ê¸_´´ê¹_  __ ë°__ ëª¨ë_ê± ____ __ ê´¸ì²­ ì§__ ë¦¬ë·° | __ë§ ep.75,631
10,958104,2020. 11. 9.,16000,294,1080000,2096,ë¸_¦¬¤í_ ¬ë_¸ì_.....__,309
11,1318735,2020. 11. 6.,12000,973,3750000,3765,[ê¼¬ê¼¬ë¬] 7 __ 'ë§__ë¡ ±ì_ 4ëª__ __ __ ë¬´ë_  ë°__' | SBS NOW,305
12,6992052,2020. 11. 9.,390000,1900,24800000,31449,TAEMIN _ '´ë_ (IDEA:__)' MV,91
13,870353,2020. 11. 9.,120000,217,5790000,8067,[GOING SEVENTEEN 2020] EP.38 ì²__ë§__ (Bungee Jump) #2,837
14,83909,2020. 11. 10.,2200,22,247000,360,´ê_ ¼ë_ë§ ¸ê? ê±°ì_ 1 ë§__ ______! #__ë¯ #©ì_ì¡ | 2020 __ __ EP.2,274
15,744961,2020. 11. 8.,5600,1100,145000,1647,¼ë©´ 10ê° ë¨¹ë_ ë³´ë_ë¹__ ë¶ë¶,321
16,498555,2020. 11. 9.,25000,149,474000,3257,ê²°êµ­ __ê° __ë¸ __ ê± __ __µë_,287
17,1294760,2020. 11. 7.,18000,302,2280000,1384,[sub]_ep.3-2 ì´__ __ ë§_¡±__ ìµ__ _£¼?! #¸ì_ê¹_´ê¹¨ì¶¤ì_ì¶___±°,225
18,3809059,2020. 11. 6.,35000,869,1180000,2371,"ê°__±ì_ __ ì²__ê², __ ê²¬ì_ 3ê°__ __ ___  ¸ì_ °ê·¸ | ê°__±ì_ ë©__ì¿",268
19,365418,2020. 11. 9.,1900,111,1320000,426,[__] __ì¸ ê³¼ì___ ê°__ê° ë¶__ ëª©ê²© __ ìµ__! __ ëª»í_ ¼ì_ __(_;) #____ #SBScatch,218
20,315201,2020. 11. 9.,10000,313,1860000,345,MAGO,954
21,535373,2020. 11. 8.,8800,268,1060000,693,[¤í_ì¹´ë_] ¬ì___ __ ¤í_ ì¹__ _ ì»¤í_ __ë¸ __ê³ __ ë°__?______,854
22,201253,2020. 11. 8.,2700,172,54700,418,´ëª½´ì_ VRë²__ [´ëª½´ì_ __ë©__] / [AMONG US ANIMATION][¬ì_¤í_],784
23,1490919,2020. 11. 7.,37000,834,2290000,3361,¥ë___ [ì´__ëª ¨í_],2098
24,506074,2020. 11. 8.,8700,445,1190000,713,ENG/IND] [PRANK] ì§__ê° ¬ì_ì¹_µ¬ ¡í_ __ ì¡´ì_ê° ¤ì___ë©?!!____(¡í_ ê°_¹¡ì¹) - [____ï½_OODBOYZ],187
25,315019,2020. 11. 8.,6800,149,0,675,[¬ì_] ê¸! ____ ì¡°ì_..ë°__ ê°____ ê¸__ ì¹_µ¬ [ë§__],60
26,119754,2020. 11. 9.,3000,33,107000,110,[____¼ì_] ¬ë_ë¥ °ì_ë² #1. °ì_¥ì __¸ë_ __ ë°±ë_? ê³__ê° __ ¨ì___ ¤ì_ ë¹__,632
27,63757,2020. 11. 9.,4400,75,161000,1031,"[¸ë¡¯_µ­ë°__ / Ep.3] ¬ë_ë¬¼ì£¼__ê²½ì_ ´ë_ ë©__, ¡ê¸ì_ ¹í___ ê²½ì_ ¬ì_ _²´?!",786
28,947725,2020. 11. 6.,8700,431,1080000,570,[TV _¬¼__ __] _©¸ì¢ _¸° _ ì¶__ __ 24_ ë²__ ¤ì_ë³´ê¸° I TV_¬¼__ (Animal Farm) | SBS Story,816
29,73369,2020. 11. 9.,1300,38,41100,281,[_ë°__+ë¶__] __ë¯¼ì  __ ë§__ ê±¸ê_? (__ v ¨ì_¸ë_ë¡¬ì_ì¹),511
30,589899,2020. 11. 7.,12000,170,60400,672,(ENG) ____. ë§__ì²__ì¡°ì __ ë¸__ì¹ __ê¸.,559
31,233571,2020. 11. 8.,4200,136,578000,462,"eng)ê²°í_ D-42__¼ì_ ê³____, êµ__¬ê_ ¹í__(__ì³¤ì_!) _¡´ê° __ê¸, ê¹°ë_ ´ë¨¹ê¸",716
32,1675776,2020. 11. 9.,25000,194,212000,2424,__ (HA SUNG WOON) - 'ê·  (Forbidden Island)' M/V,175
33,1713749,2020. 11. 9.,13000,943,6080000,1203,Highlights Valencia CF vs Real Madrid (4-1),598
34,358489,2020. 11. 8.,23000,838,276000,4248,ë¡_±´ê·¸ë¦´  ë¶ì¶ ë°_ __¸í_¤í_´í_,874
35,143803,2020. 11. 9.,1700,54,0,434, ëª ë§____ __ ¼ë_ ¤ì___? | ì¶©ê²©__ ´ì_ ê³ ë¹__ì¸__ _ë¹ ì°¨ì_!,218
36,238246,2020. 11. 9.,8300,148,338000,629,"¼ë³¸__ _µ­__ _ê²©ë¦¬ ë¸__ë¡_·¸ | ë°ì° 2ì£, __ 336__ | __ë¹__ë¹ __ | ì§__ ¼ì_",508
37,186974,2020. 11. 8.,4400,51,185000,270,"[¨í_ ____ __ ê³¨í___] __´ë_, ´ëë¡__ ì­ _   __ë©...",482
38,66418,2020. 11. 9.,3200,33,116000,86,´ë_ IDEA:__,302
39,2793221,2020. 11. 5.,77000,10000,6440000,26607,[MPDì§__] ¸ì´ì_ 1 µì_ ì§__ 4K 'I CAN'T STOP ME' (TWICE FanCam No.1 Encore) | @MCOUNTDOWN_2020.11.5,229
40,56864,2020. 11. 9.,2200,22,315000,0,[ë¹_ë¶ë¶] ë¹_ë¶ë¶ë§__ __ ë¯¸ë_ ¸ì_ êµ__ë² ê³µê_©ë_,224
41,75135,2020. 11. 9.,5700,79,34200,690,[__ë¹__] __ __ë¹__ êµ_³µ ì´¬ì_ ë¹__¸ë_!,257
42,242789,2020. 11. 8.,5900,155,256000,507,´ì_ ë¶ë¶__ ëª¨ë¥´ ´ê¸°__ ë²__ ¨ê²¨ì§ ê¸°ë_ + __ì° ´ë ê´ë¦ ë°©ë_ / HIDDEN FEATURES OF MY CARS [ ì°¨ì_ì°¨ë_ ],1629
43,295388,2020. 11. 8.,3400,367,1020000,868,____ _³´ë¥´ê¸°_ê³__ ____¤ì___,222
44,1507470,2020. 11. 5.,26000,647,2650000,3681,[2¸í_] __,393
45,274909,2020. 11. 8.,5500,122,366000,84,ë°¥ì___ ê¿ë°_°¬ ¤ë___ ë¨¹ì_  __ ë³´ë_ë³´ë_ ©í_ ê³__ ¥ì_ì°,138
46,853244,2020. 11. 6.,11000,263,347000,1639,ì±__¨ì_ __©ë_..ê³__ì°¾ì_ __ __ë§_¦¬ °ì_¼ì_ê² ¼ì_ì§ ì¶©ê²©__ __..[__¤í_],214
47,362297,2020. 11. 9.,6800,79,293000,377,´í_ë¦¬ì_¸ì_ ì¹_µ¬ °ë_ _µ­ ì¹_³¼ê°__ê° ì¶©ê²©ë°_ ´ì_,545
48,1271804,2020. 11. 6.,26000,1100,163000,4307,Chocolate Fondue ASMR Mukbang ì´___ ì§__ ë§__´ì_ ë¨¹ë°©!,554
49,353165,2020. 11. 8.,10000,130,488000,1717,ìª__ë¡,294
0,562864,2020. 11. 10.,4500,212,200000,676,_ê°__ ì¤ __ °ë_ __...,707
1,586620,2020. 11. 10.,4300,330,1080000,473,"[TV _¬¼__ __] __ _ 5¨ë§¤, ¼ë_ ±ì_ ¼ê¸° ë²__ ¤ì_ë³´ê¸° I TV_¬¼__ (Animal Farm) | SBS Story",998
2,1837668,2020. 11. 9.,64000,47000,4690000,29956,SUB)ë§¤ì½¤¬ì½¤ __ë³¶ì_ ____ê¸°êµ­ ì§_°¥ ë¨¹ë°© ë¦¬ì_¬ì_ Jeyukbokkeum mukbang ASMR,659
3,8576436,2020.11.9.,660000,12000,46500000,202548,¬ì_ì¹_µ¬ MAGO official M/V,211
4,4980992,2020.11.10.,1360000,4600,39900000,74366,0,105
5,1197449,2020.11.9.,100000,1400,1470000,11750,0,263
6,733878,2020. 11. 10.,13000,556,414000,1423,´ë___µë_,36
7,762786,2020. 11. 10.,79000,1100,1470000,8174,"GFRIEND, MAGO (¬ì_ì¹_µ¬, MAGO) [THE SHOW 201110]",229
8,250246,2020. 11. 10.,2700,196,575000,770,"""´ê_ __ì° ë§__?!"" ____ ´ë_ __ ì¶©ê²© ê· _²´..!! __ ¬ë_ __ __ê¸!",1286
9,179087,2020. 11. 10.,3000,42,249000,510,´ê_ ¼ë_ë§ ¸ê? ê±°ì_ 1 ë§__ ______! #__ë¯ #©ì_ì¡ | 2020 __ __ EP.2,241
10,925977,2020. 11. 10.,14000,276,1540000,2005,ë¸____ ë¶__ ë§__µë_.. ì§__ ê¿__ê°?,57
11,448243,2020. 11. 10.,79000,104,1500000,4528,_DEA Dance Tutorial with ¬ë_ë¡ l TAEMIN,747
12,1305966,2020. 11. 9.,12000,280,930000,11534,____ ¬ë_ ì£½ì___ 'ê°ë§__ __'?_¤í_ë§ ¨ì_ ê±°ë _¬¼ì° ê¸°ì_ / ë¹__¤ë¨¸ê·,256
13,213767,2020. 11. 11.,5500,60,407000,1177,_. ì§ ±ì___ ½ì_ì£¼ì_ _¦¬__ ¨ì_¸í_ __¼ì_¸ï_10.23 LOL ¨ì_¸í_ __¼ì_ - ë¦¬ê·¸ ¤ë_ __,161
14,811546,2020. 11. 11.,8600,195,0,664,Jon Rahm skips to a hole-in-one on No. 16 | Masters Tuesday,49
15,206836,2020. 11. 11.,3100,183,59000,779,"__ ¬ì_ ê¸__ ´ì_...""´ì_ê·, 5ì²__ ê°?"" ¤ì ë¹__¸ë_",837
16,1246021,2020. 11. 9.,18000,377,1080000,2332,ë¸_¦¬¤í_ ¬ë_¸ì_.....__,491
17,221720,2020. 11. 10.,3900,211,1020000,864,__ _³´ë¥´ê¸° _°¨ 1ë¶__ ëª»ì°¸ì§______,239
18,542451,2020. 11. 9.,2600,192,1320000,601,[__] __ì¸ ê³¼ì___ ê°__ê° ë¶__ ëª©ê²© __ ìµ__! __ ëª»í_ ¼ì_ __(_;) #____ #SBScatch,1656
19,117412,2020. 11. 10.,1800,19,249000,322,¤ì_¸ë¦¬ ì² __ ê³µê_©ë_ | 2020 __ __ EP.3,271
20,803268,2020. 11. 8.,32000,4400,4920000,8046,[µì_CAM] ¸ì´ì_ 'I CAN'T STOP ME' ¸ê¸°ê° 1 µì_ ì§__ (TWICE Encore Fancam) | @SBS Inkigayo_2020.11.08.,289
21,591770,2020. 11. 9.,14000,549,1870000,421,MAGO,182
22,222098,2020. 11. 9.,4900,337,35300,245,[TVì¡°ì_ ì¡°ì_] __ __ ì§ __ ì§__  ¬ë_ ??__ï¸_____ï¸ __ _¦° __ __ ê¶__ ìµ__ê³µê_!! #TVCHOSUNJOY #ì§__êµ¬ë¦¬,484
23,8886971,2020. 11. 9.,440000,2300,24800000,36312,TAEMIN _ '´ë_ (IDEA:__)' MV,208
24,4105630,2020. 11. 6.,50000,1300,3790000,3735,[ENG] ë¡_¼¬ ____ë§__ °í_ _¸°?! _ë¶ ê¸_´´ê¹_  __ ë°__ ëª¨ë_ê± ____ __ ê´¸ì²­ ì§__ ë¦¬ë·° | __ë§ ep.75,824
25,3066508,2020. 11. 6.,77000,795,1070000,16431,____ ë§__ ¤ê_´ì_µë_ [¤ê_] Ep.11,889
26,363239,2020. 11. 10.,10000,118,2570000,594,____ Thankyou BUBU __,923
27,83549,2020. 11. 11.,16000,17,1570000,2394,ë¹__ë¹ ¬ì_ (BTOB 4U) - 1st Mini Album [INSIDE] Audio Snippet,528
28,1535127,2020. 11. 6.,14000,1100,3750000,4340,[ê¼¬ê¼¬ë¬] 7 __ 'ë§__ë¡ ±ì_ 4ëª__ __ __ ë¬´ë_  ë°__' | SBS NOW,120
29,369391,2020. 11. 10.,8000,128,619000,1069,__ë¦ ¤ì_ê¸,1177
30,260081,2020. 11. 10.,2700,135,308000,484,__ 30kgê° __ê°ë© ê³_¸° ë§__ __,741
31,857223,2020. 11. 8.,6000,1400,146000,1902,¼ë©´ 10ê° ë¨¹ë_ ë³´ë_ë¹__ ë¶ë¶,481
32,336738,2020. 11. 10.,30000,169,5970000,974,[ë°©ì__³µê°] _¡°ê° ____? 2ë°°ì_ __ __ ¬ì_ì¹_µ¬,127
33,630051,2020. 11. 9.,28000,212,475000,3395,ê²°êµ­ __ê° __ë¸ __ ê± __ __µë_,389
34,571866,2020. 11. 8.,9100,296,1060000,719,[¤í_ì¹´ë_] ¬ì___ __ ¤í_ ì¹__ _ ì»¤í_ __ë¸ __ê³ __ ë°__?______,935
35,145682,2020. 11. 10.,1800,104,68000,396,ë¨¹ë°©) ê°_·¸ë§ _°° __ ëª©ì_ê±¸ê_ ë§__ê°~3! ì£¼ë_ì§ _°° __! __ë³´ë_ê°  __ê°____ / naengmyeon mukbang,507
36,4359062,2020. 11. 6.,38000,1000,1180000,2572,"ê°__±ì_ __ ì²__ê², __ ê²¬ì_ 3ê°__ __ ___  ¸ì_ °ê·¸ | ê°__±ì_ ë©__ì¿",363
37,1395744,2020. 11. 7.,19000,314,2280000,1476,[sub]_ep.3-2 ì´__ __ ë§_¡±__ ìµ__ _£¼?! #¸ì_ê¹_´ê¹¨ì¶¤ì_ì¶___±°,863
38,4360086,2020. 11. 6.,38000,1000,1180000,2572,"ê°__±ì_ __ ì²__ê², __ ê²¬ì_ 3ê°__ __ ___  ¸ì_ °ê·¸ | ê°__±ì_ ë©__ì¿",971
39,224863,2020. 11. 10.,3900,208,333000,87,"___ì¹__ë¬¼ë¬´ì¹¨ð___ë° ê°__¼ë_ ë¬´ì_ì§ ë§__, µâ___¼ë_ ë¬´ì_ë© ë§__ 10ë°",1061
40,100768,2020. 11. 10.,5500,40,39200,431,ê°__ì§ _¬¸ ¸ì_ ëª»í_ ____,131
41,1552655,2020. 11. 7.,38000,862,2290000,3433,¥ë___ [ì´__ëª ¨í_],145
42,547093,2020. 11. 8.,9200,488,1200000,740,ENG/IND] [PRANK] ì§__ê° ¬ì_ì¹_µ¬ ¡í_ __ ì¡´ì_ê° ¤ì___ë©?!!____(¡í_ ê°_¹¡ì¹) - [____ï½_OODBOYZ],631
43,340739,2020. 11. 8.,7000,163,0,701,[¬ì_] ê¸! ____ ì¡°ì_..ë°__ ê°____ ê¸__ ì¹_µ¬ [ë§__],351
44,229602,2020. 11. 8.,5000,67,186000,304,"[¨í_ ____ __ ê³¨í___] __´ë_, ´ëë¡__ ì­ _   __ë©...",784
45,169734,2020. 11. 9.,1800,74,0,451, ëª ë§____ __ ¼ë_ ¤ì___? | ì¶©ê²©__ ´ì_ ê³ ë¹__ì¸__ _ë¹ ì°¨ì_!,528
46,432672,2020. 11. 8.,25000,965,277000,4469,ë¡_±´ê·¸ë¦´  ë¶ì¶ ë°_ __¸í_¤í_´í_,321
47,263703,2020. 11. 8.,4400,158,578000,479,"eng)ê²°í_ D-42__¼ì_ ê³____, êµ__¬ê_ ¹í__(__ì³¤ì_!) _¡´ê° __ê¸, ê¹°ë_ ´ë¨¹ê¸",2098
48,86747,2020. 11. 9.,1300,48,41100,297,[_ë°__+ë¶__] __ë¯¼ì  __ ë§__ ê±¸ê_? (__ v ¨ì_¸ë_ë¡¬ì_ì¹),234
49,81038,2020. 11. 9.,2700,43,315000,0,[ë¹_ë¶ë¶] ë¹_ë¶ë¶ë§__ __ ë¯¸ë_ ¸ì_ êµ__ë² ê³µê_©ë_,714
0,1398597,2020. 11. 11.,43000,875,2290000,9391,"__, ë£¨ì_ [ì§¥ì_  ê·¸ë]",492
1,374997,2020. 11. 11.,3700,899,36100,2719,[TVì¡°ì_ ì¡°ì_] ¨ì_ ë²__ë¹__ ´ëª¨ ´ì_ ____ ì§ ¸ì_ __ ¬ì_??_ #TVCHOSUNJOY #ì§__êµ¬ë¦¬,603
2,306963,2020. 11. 12.,4700,79,251000,852,#__ë¯#´ê_ ©ë_ #__ì² __ __! _ì²..¬í_ê° ëª ê°__? | 2020 __ __ EP.5,381
3,856059,2020. 11. 10.,6100,322,202000,1015,[ENG CC] _ê°__ ì¤ __ °ë_ __... Adopted Wolfdogs.. or Wolves?,707
4,741271,2020. 11. 10.,5300,438,1080000,552,"[TV _¬¼__ __] __ _ 5¨ë§¤, ¼ë_ ±ì_ ¼ê¸° ë²__ ¤ì_ë³´ê¸° I TV_¬¼__ (Animal Farm) | SBS Story",998
5,663761,2020. 11. 11.,15000,220,1770000,2939,¸ë_ë° ¬ì___ ¸ë_¤ë_ (Feat. _°½) | ODG,531
6,693300,2020. 11. 11.,41000,18000,4690000,7966,SUB)ë°__ __¤ì_ ë§¤ì½¤_½¤ ì«_©´ ë¨¹ë°© ! (ft.__°íê¹) ë¦¬ì_¬ì_ Pork cutlet jjolmyeon mukbang asmr,506
7,5554014,2020. 11. 11.,1290000,4600,40000000,63344,201111 Jimin (+ENG),1041
8,89863,2020. 11. 11.,1900,72,0,543,[_ª¨ ¤ë___¤ë_? EP.06] __ AD ¤ë_ ¼ì___ N Line ê°_²© __ê¸! N Line __ ë¹__ë¹__ë²__´ì_-*+,899
9,2275391,2020. 11. 9.,72000,59000,4690000,30298,SUB)ë§¤ì½¤¬ì½¤ __ë³¶ì_ ____ê¸°êµ­ ì§_°¥ ë¨¹ë°© ë¦¬ì_¬ì_ Jeyukbokkeum mukbang ASMR,659
10,395899,2020. 11. 11.,6100,173,451000,744, ¹ë¬´____..,259
11,898968,2020. 11. 11.,140000,1400,1880000,10090,[CHOREOGRAPHY] GFRIEND (¬ì_ì¹_µ¬) _AGO Dance Practice,199
12,363056,2020. 11. 11.,3300,90,930000,1291,30 ë§__ ¨ì___ 'ê·_' ¤ë_¤ì_ ¨ê²¨ì§ ë¬´ê_ê³ ´ë_ ì§__ / ë¹__¤ë¨¸ê·,301
13,10592843,2020. 11. 9.,700000,14000,46600000,230307,GFRIEND (¬ì_ì¹_µ¬) 'MAGO' Official M/V,211
14,931494,2020. 11. 10.,14000,946,414000,1581,´ë___µë_,36
15,327609,2020. 11. 10.,3100,284,575000,880,"""´ê_ __ì° ë§__?!"" ____ ´ë_ __ ì¶©ê²© ê· _²´..!! __ ¬ë_ __ __ê¸!",1286
16,941567,2020. 11. 10.,86000,1300,1480000,10564,"GFRIEND, MAGO (¬ì_ì¹_µ¬, MAGO) [THE SHOW 201110]",229
17,5393066,2020. 11. 10.,1420000,4900,40000000,75512,[PREVIEW] BTS (ë°©í___) '2021 SEASON_ GREETINGS' SPOT (BTS GOES RETRO),105
18,1413223,2020. 11. 9.,110000,1700,1480000,13916,"GFRIEND, MAGO_FRIEND COMEBACK SHOW [:Walpurgis Night]",263
19,141586,2020. 11. 11.,2700,72,99700,605,"[ëª°ì¹´] ê°_·¸°ë¨¼¤ì_ê² ¤ì_ê³__ ë¹¼ë¹¼ë¡ ì£¼ê¸°____ë¹¼ë¹¼ë¡__ ¹ì_ ê°__ëª°ì¹´__(ft.ë°_·¸, ë°__, °ì_ë¦, ¡ì_ë¦)",297
20,239562,2020. 11. 10.,3500,46,251000,569,´ê_ ¼ë_ë§ ¸ê? ê±°ì_ 1 ë§__ ______! #__ë¯ #©ì_ì¡ | 2020 __ __ EP.2,241
21,50533,2020. 11. 12.,1700,13,121000,534,"[_³´] ë°°ì_ ´ì_, _¦¬ __..?! / SBS ì°½ì_ 30ì£¼ë_ ¹ì_ ì¶_µ¬ _ _ ì¤__ __",59
22,73954,2020. 11. 11.,1300,50,24200,136,[ëª°ì¹´] __ ¤ë¦¬ê² ë§__ ì¹_µ¬__ ¹í_ê³ __ ë¯¸ëë¥ _ì¤¤ë©´?!____ ë¶ ë² ¡ê_ °ë_ì§____ (ft. êµ¬êµ¬__ ì£¼í_),526
23,1816691,2020. 11. 11.,17000,520,0,1317,Jon Rahm skips to a hole-in-one on No. 16 | Masters Tuesday,49
24,196484,2020. 11. 11.,17000,112,5980000,492,[ì£¼ê_ ë¯¸ë°©] __ ë§_¤ì_ ____! ¬ì_ì¹_µ¬ _AGO__ l EP.485,199
25,1184845,2020. 11. 9.,140000,304,5800000,8731,[GOING SEVENTEEN 2020] EP.38 ì²__ë§__ (Bungee Jump) #2,1537
26,311006,2020. 11. 11.,22000,180,232000,1402,[ENG] _ EP.16 1M ¥ë_ê»__ ë¹____ ê½ ì±__! ¬ì_ì¹_µ¬(GFRIEND) __ ê³±ì°½+ì°+ë§_°½ PARTY,1358
27,1092676,2020. 11. 10.,16000,323,1540000,2164,ë¸____ ë¶__ ë§__µë_.. ì§__ ê¿__ê°?,57
28,565935,2020. 11. 10.,89000,128,1510000,4888,_DEA Dance Tutorial with ¬ë_ë¡ l TAEMIN,747
29,346885,2020. 11. 11.,6900,98,408000,1392,_. ì§ ±ì___ ½ì_ì£¼ì_ _¦¬__ ¨ì_¸í_ __¼ì_¸ï_10.23 LOL ¨ì_¸í_ __¼ì_ - ë¦¬ê·¸ ¤ë_ __,161
30,208205,2020. 11. 11.,6500,54,2270000,585,[Eng] ì´__(CHOA)__  ¸ë_ ë©__¬ì_ ´ì£¼ê¸°ð_ l ´ì_ë°(RISABAE Makeup),873
31,1471965,2020. 11. 9.,13000,319,930000,12713,____ ¬ë_ ì£½ì___ 'ê°ë§__ __'?_¤í_ë§ ¨ì_ ê±°ë _¬¼ì° ê¸°ì_ / ë¹__¤ë¨¸ê·,256
32,73817,2020. 11. 11.,958,6,251000,124,_²©__ ¤í¼ë_ __ #´ì_ & ¸ì_ #__ ©ë_ | 2020 __ __ EP.4,181
33,279448,2020. 11. 11.,3500,233,59400,852,"__ ¬ì_ ê¸__ ´ì_...""´ì_ê·, 5ì²__ ê°?"" ¤ì ë¹__¸ë_",837
34,335786,2020. 11. 11.,51000,89,1510000,4600,() ()ë° ë§¤ë_ ()ì£ ì¢__ | ì§_¸°¥í_ Ep.1 °ë¦¬ ê°,687
35,137947,2020. 11. 11.,1600,23,148000,454,(ì¹__ __) ¤ë_ê¸ ìµ__ µì£¼ë¨ ê¹__ VS ìµ__ ë§·ì_ ´ì_ 100% __ ¤í_ë§!!,405
36,131281,2020. 11. 11.,1300,27,744000,51,"__ì§__ _¸° ë³´ê_ ¶ì_ë© _µ­ ¤ë_ ë¹__,, ë§__ ¨ê ¼ë_¸ë_ ´ã_ l #´ì_ZIP l #´ì__µ­ì²__´ì l EP.73",689
37,119328,2020. 11. 11.,4100,41,444000,298,ë¹¼ë¹¼ë¡ __ë¡ ëª¨ë¥´__ ì»¤í_ ë§__´ì£¼ê¸ [__],360
38,162272,2020. 11. 11.,4500,84,148000,592,"""__ ¼ê ê·¸ë_?!!(ê¸°ê_)"" __ë©´ì_ ë°¥ì  ë¨¹ì_¼ê_ __ 81 _¨¸ ë°±ë_ì§____¼ë_¤ê ë¨¹ë_ê°______ __ ë¨¹ë°© EATING SHOW MUKBANG",788
39,244172,2020. 11. 10.,5800,117,475000,632,ì° ì¶__! ¶ì_ ì§ __ _ _  ê±°ê¸° _...??_,1067
40,122851,2020. 11. 11.,3600,64,372000,537,ê°±¸ ê·¸ë_! ´í_´ì_¸ì_´ë_ __ì§ ë³´ë_ ê°!,1246
41,1440548,2020. 11. 9.,19000,433,1080000,2421,ë¸_¦¬¤í_ ¬ë_¸ì_.....__,491
42,313945,2020. 11. 10.,4500,354,1020000,980,__ _³´ë¥´ê¸° _°¨ 1ë¶__ ëª»ì°¸ì§______,239
43,62988,2020. 11. 11.,818,174,145000,149,__12 | ë¯¸ë_ ¬ì_ì¦ ë¹__ + ktMëª¨ë_ ê°__ê¸,569
44,51649,2020. 11. 11.,1400,46,122000,149,±í___ ____ ì²__ __ _¸° ì±_¦°ì§! ±ê³µ____ê¹....?,485
45,313409,2020. 11. 10.,2800,235,308000,551,__ 30kgê° __ê°ë© ê³_¸° ë§__ __,741
46,478864,2020. 11. 10.,11000,194,2570000,667,____ Thankyou BUBU __,923
47,199819,2020. 11. 10.,2200,174,68300,451,ë¨¹ë°©) ê°_·¸ë§ _°° __ ëª©ì_ê±¸ê_ ë§__ê°~3! ì£¼ë_ì§ _°° __! __ë³´ë_ê°  __ê°____ / naengmyeon mukbang,507
48,441807,2020. 11. 8.,5200,393,68100,656,´ëª½´ì_ VRë²__ [´ëª½´ì_ __ë©__] / [AMONG US ANIMATION][¬ì_¤í_],363
49,929845,2020. 11. 8.,6300,1500,146000,2003,¼ë©´ 10ê° ë¨¹ë_ ë³´ë_ë¹__ ë¶ë¶,481
0,1814136,2020. 11. 12.,41000,658,2660000,7781,[__] ë¶_¦¬_±°,283
1,648011,2020. 11. 13.,7800,242,200000,1640,ê°__ ìµ__ë¡ __ °ì__! ì§¥ì_¼ë_ ë³´í_ ë¬´ì___ ê³¨ë_ __ë¦¬ë_ '_¦¬' [ê°__ ___],1389
2,761228,2020. 11. 13.,4200,339,120000,3400,2020 ¬ë¦¼½ë _ _êµ vs ´ì_ __¼ì_,584
3,1678776,2020.11.11.,46000,1000,2290000,10054,"__, ë£¨ì_ [ì§¥ì_  ê·¸ë]",492
4,573445,2020.11.12.,6600,139,254000,1228,__ë¯ ´ê_ ©ë_ __ì² __ __,381
5,524824,2020.11.12.,10000,267,338000,3552,´ê_ __ ëª»í_ ê°ì§ | ë§__°ì_ ë¦¬ì_ë¹__ ë²_±°,497
6,341658,2020. 11. 12.,5900,82,2250000,642,[#_´ì_¨ë_ë¸__] ____ ë²__ ê¹ëª_°° _°©__ ê¸°ì___ êµ ì§__ __¬ê±´ | #ê°_µ¬´í_ë¦ #Diggle,603
7,582014,2020. 11. 11.,4600,1600,30000,3952,[TVì¡°ì_ ì¡°ì_] ¨ì_ ë²__ë¹__ ´ëª¨ ´ì_ ____ ì§ ¸ì_ __ ¬ì_??_ #TVCHOSUNJOY #ì§__êµ¬ë¦¬,1118
8,922196,2020. 11. 12.,140000,795,1890000,12057,[CHOREOGRAPHY] GFRIEND (¬ì_ì¹_µ¬) 'MAGO' Dance Practice (Eye Mask ver.),254
9,128507,2020. 11. 12.,1900,42,740000,161,_µ­ ì°¾ì  __ ë¹__ _°¬ _ê²©ë¦¬ __! l #´ì___ l #´ì__µ­ì²__´ì l EP.165,861
10,1012996,2020. 11. 11.,20000,319,1780000,3743,¸ë_ë° ¬ì___ ¸ë_¤ë_ (Feat. _°½) | ODG,531
11,1215791,2020. 11. 11.,53000,32000,4700000,9999,SUB)ë°__ __¤ì_ ë§¤ì½¤_½¤ ì«_©´ ë¨¹ë°© ! (ft.__°íê¹) ë¦¬ì_¬ì_ Pork cutlet jjolmyeon mukbang asmr,506
12,165552,2020. 11. 13.,1300,44,1320000,207,"[__] ê¹__Xìµ__ë¹, ë¶__+´ì_+ë¶__ ë¯¸ì_°ë¦¬ ëª¨ë ë¹_! #____ #SBScatch",1452
13,648333,2020. 11. 12.,15000,122,2290000,1132,_ ep.19 _²´ ë³ ë¦¬ë_ - .. ¬ê¸°ë¡__ ____ _ ì¶__©ë_  | ¬ê¸°ë¡__ __¸ì_,2024
14,1016041,2020. 11. 10.,7100,427,200000,1174,[ENG CC] _ê°__ ì¤ __ °ë_ __... Adopted Wolfdogs.. or Wolves?,707
15,832185,2020. 11. 10.,5900,483,1080000,590,"[TV _¬¼__ __] __ _ 5¨ë§¤, ¼ë_ ±ì_ ¼ê¸° ë²__ ¤ì_ë³´ê¸° I TV_¬¼__ (Animal Farm) | SBS Story",998
16,299861,2020. 11. 12.,2300,116,680000,474,__ ë£¸ì_ë¡ ¬ê±´ ë°°í_? ë²__ë°©í_ _ª© ê¹__ ê³_°± | ê·¸ì_ë¡ ë³´ë_ 'ê¹__',724
17,560257,2020. 11. 12.,32000,128,920000,3892,[ë¬¸ë_¹ê_ EP.155] ¤ì_  ¤ì_ _ë°____ ¤ì_ _ë§ Sexy __ë§ ê¸°ë_ Boy,1196
18,139200,2020. 11. 12.,796,30,20000,138,êµ¬ë¸ë_ 11 - ´ì___ _°©ë¨¹ì ´ë¬´ê¸ ê·¸ë ë§__ê± ë³µê¸¸´ì_ê¹?,501
19,137519,2020. 11. 12.,5900,263,210000,604,[DEBUT STAGE] ¤í_´ì_(STAYC) - So Bad @ DEBUT 'Star To A Young Culture' SHOWCASE Full cam,221
20,2477658,2020. 11. 12.,71000,2400,0,9888,STAYC(¤í_´ì_) 'SO BAD' MV,215
21,525479,2020. 11. 12.,7300,134,622000,1041,ì¹_µ¬¼ê_? 18 ì°¨ì_ ê²°êµ­ ê·¹ë³µ  __µë_,524
22,261389,2020. 11. 12.,5000,128,194000,608,"ê¹ì§ __ #07 | _ê³µê_ ì²«ì§¸, _§¸, ë§__, ¸ë_ ê° ë³´í___ ¹ì_ _¸° | #´ì_¤ì_ë¥ #¬í___",832
23,232827,2020. 11. 12.,11000,137,891000,1995,ë¯¸í_ ê°__ : Q&A 3 - ëª¨ë_ ê²__ ë§__ì¤__,1785
24,146728,2020. 11. 12.,12000,145,5980000,667,[¼ì_ì§__ 4K] ¬ì_ì¹_µ¬ - ë§__ (GFRIEND - MAGO) l #¼ì_¼ì_ l EP.378,182
25,122612,2020. 11. 12.,2500,52,123000,729,"[_³´] ë°°ì_ ´ì_, _¦¬ __..?! / SBS ì°½ì_ 30ì£¼ë_ ¹ì_ ì¶_µ¬ _ _ ì¤__ __",59
26,130156,2020. 11. 11.,2100,104,0,615,[_ª¨ ¤ë___¤ë_? EP.06] __ AD ¤ë_ ¼ì___ N Line ê°_²© __ê¸! N Line __ ë¹__ë¹__ë²__´ì_-*+,899
27,136189,2020. 11. 12.,4100,106,57300,1556,´ëª½´ì_ __ë©__ - 3/AMONG US ANIMATION - PET3,223
28,113961,2020. 11. 12.,2200,117,501000,454,"(Sub)""__ê° ¬ê¸° ê±´ë¬¼ì£¼ì_"" Black Pink ë¦¬ì_  ë¯¸ëë¶ ë¹µí_ì§ ì¹´í_ __ ë©´ì_ ëª°ì¹´__",541
29,6049102,2020. 11. 11.,1360000,5400,40100000,66482,201111 Jimin (+ENG),1041
30,136715,2020. 11. 12.,1900,33,745000,217,»ì_ë§_ ì£¼ì_ ê½__ê½__ ê¿ ¨ì_ì§ ë¹__ ë¶ë¶ ëª¨ë¨¼¸â_ l #´ì___ l #´ì__µ­ì²__´ì l EP.165,482
31,2544879,2020. 11. 9.,78000,63000,4700000,30246,SUB)ë§¤ì½¤¬ì½¤ __ë³¶ì_ ____ê¸°êµ­ ì§_°¥ ë¨¹ë°© ë¦¬ì_¬ì_ Jeyukbokkeum mukbang ASMR,659
32,520187,2020. 11. 11.,6900,264,452000,821, ¹ë¬´____..,259
33,89114,2020. 11. 12.,5500,150,659000,476,"[4K LIVE] STAYC ¤í_´ì_ 'SO BAD' Showcase Stage ¼ì´ì_ ë¬´ë (_, _, __, ¸ì, , ¬ì_) [µí_TV]",231
34,130775,2020. 11. 12.,3500,50,106000,994,__ ë§__µë_! 05__ ì°__¼ë___ ¨ì_ ë°°ì_ë³´ì_¤ã_¼ë___ 24,765
35,434123,2020. 11. 11.,3700,120,931000,1432,30 ë§__ ¨ì___ 'ê·_' ¤ë_¤ì_ ¨ê²¨ì§ ë¬´ê_ê³ ´ë_ ì§__ / ë¹__¤ë¨¸ê·,301
36,13272264,2020. 11. 9.,720000,15000,46600000,260451,GFRIEND (¬ì_ì¹_µ¬) 'MAGO' Official M/V,211
37,103382,2020. 11. 12.,3300,43,1060000,335,_µ¬êµ.. __ì°¨ë_ __±ì_.. ¸ì_´ì_ì§.. [_·¼¸ëë¶ S.K.Couple],645
38,142631,2020. 11. 12.,5200,119,1720000,780,_ ëª©ì_ë¦¬ë __ __ ____.,229
39,189218,2020. 11. 11.,1900,38,149000,532,(ì¹__ __) ¤ë_ê¸ ìµ__ µì£¼ë¨ ê¹__ VS ìµ__ ë§·ì_ ´ì_ 100% __ ¤í_ë§!!,405
40,390695,2020. 11. 10.,3400,335,575000,866,"""´ê_ __ì° ë§__?!"" ____ ´ë_ __ ì¶©ê²© ê· _²´..!! __ ¬ë_ __ __ê¸!",1286
41,239493,2020. 11. 12.,4700,76,297000,628,ê²¨í_ë°ê¸°ë¹µ ê²__´ê¸°ì¤__ __ê²__ë¨¸ê ëª°ë_ __¤ë©´?__,873
42,295851,2020. 11. 11.,8300,73,2270000,712,[Eng] ì´__(CHOA)__  ¸ë_ ë©__¬ì_ ´ì£¼ê¸°ð_ l ´ì_ë°(RISABAE Makeup),342
43,1026694,2020. 11. 10.,15000,1000,414000,1616,´ë___µë_,36
44,23239,2020. 11. 6.,462,17,36700,13,ê²¨ì_ __ë¯ '¤í___' ____ ë§__ê² ´ê·¸ ë² ©ê___,402
45,110924,2020. 11. 11.,1600,109,24400,154,[ëª°ì¹´] __ ¤ë¦¬ê² ë§__ ì¹_µ¬__ ¹í_ê³ __ ë¯¸ëë¥ _ì¤¤ë©´?!____ ë¶ ë² ¡ê_ °ë_ì§____ (ft. êµ¬êµ¬__ ì£¼í_),526
46,115334,2020. 11. 11.,1000,342,145000,178,__12 | ë¯¸ë_ ¬ì_ì¦ ë¹__ + ktMëª¨ë_ ê°__ê¸,569
47,210057,2020. 11. 11.,5200,71,445000,383,ë¹¼ë¹¼ë¡ __ë¡ ëª¨ë¥´__ ì»¤í_ ë§__´ì£¼ê¸ [__],360
48,186305,2020. 11. 11.,3100,90,100000,683,"[ëª°ì¹´] ê°_·¸°ë¨¼¤ì_ê² ¤ì_ê³__ ë¹¼ë¹¼ë¡ ì£¼ê¸°____ë¹¼ë¹¼ë¡__ ¹ì_ ê°__ëª°ì¹´__(ft.ë°_·¸, ë°__, °ì_ë¦, ¡ì_ë¦)",297
49,294970,2020. 11. 10.,6300,160,475000,677,ì° ì¶__! ¶ì_ ì§ __ _ _  ê±°ê¸° _...??_,1067
0,2195422,2020. 11. 13.,55000,636,1100000,5491,¤ê_ ë§__ ¤ê_´ì_µë_(ft.ì¼´í_) [¤ê_] Ep.12,911
1,1470668,2020. 11. 13.,14000,562,206000,3037,ê°__ ìµ__ë¡ __ °ì__! ì§¥ì_¼ë_ ë³´í_ ë¬´ì___ ê³¨ë_ __ë¦¬ë_ '_¦¬' [ê°__ ___],1389
2,699205,2020. 11. 13.,9600,177,2250000,771,"[#êµ¬ë¸ë_] ê¹ë²__ê² __ ì¡´ì_ ê¹©ì, ´ë¬´ê¸°ì_ __  ê¹ë²__ ì§__ ì£½ì_¤ê_ __? __ ´ë_ê²__ ´ì__£¼.._ | #ê°_µ¬´í_ë¦ #Diggle",747
3,680631,2020. 11. 13.,12000,179,2290000,706,_ep.4-1  __ë§__ë© ¸ì__±´ì§  ëª¨ë¥´ê²_ë§ ¸ì_ê¹_´ê¹¨ì¶¤ì_ì¶___±°,955
4,532198,2020. 11. 2.,11000,121,2290000,801,_ep.4-2 __ì·¨í_¬ë_) __ë§____ ë³_±°__ê±°ë_ì§_ #¸ì_ê¹_´ê¹¨ì¶¤ì_ì¶___±°,637
5,1449181,2020. 11. 13.,14000,505,1200000,4516,""" ë¯¸ì³¤?"" ê°__ ê·¹ë¸í_ ´ì_. 3ê°__ ì¹´ë_ì½_¥´_ __ ¸ëë¶ ê°ì¡ | ê°__±ì_ ë©__ì¿",869
6,2185222,2020. 11. 12.,44000,787,2660000,8493,[__] ë¶_¦¬_±°,283
7,510026,2020. 11. 13.,9600,158,2250000,719,"[#êµ¬ë¸ë_]  __ ê´´ë¡­_ ë§__ ´ë_ _¸° ¬ì_ê°  ëª _,, ´ë_ X ê¹ë²__ ë¹__ ì²__ ë¹__ì² ì´__ë¦! | #ê°_µ¬´í_ë¦ #Diggle",739
8,700336,2020. 11. 13.,8100,363,135000,1010,[ê¼¬ê¼¬ë¬ 8 __] ï¼__¤í_ê¸°ì_ ³ë___ï¼ ìµ__ ì¡°í_ ´ì_¬ê±´ | ê¼¬ë¦¬ ê¼¬ë¦¬ë¥ ë¬´ë_ ê·¸ë_ ´ì_ê¸,1168
9,893864,2020. 11. 14.,9200,227,7760000,2900,SMTM9 [5/ë²__] ¤ì_ X ì¹´í_ X __ @3ì° __ I ¸ë¦¬ ¬ë£¨ ë°°í Full ver. EP.5 201113,184
10,777380,2020. 11. 14.,7300,246,7760000,3727,SMTM9 [5/ë²__] ë¨¸ì_ë²__ X ë¯¸ë @3ì° __ I ¸ë¦¬ ¬ë£¨ ë°°í Full ver. EP.5 201113,183
11,1009617,2020. 11. 13.,5200,457,123000,3931,2020 ¬ë¦¼½ë _ _êµ vs ´ì_ __¼ì_,584
12,656011,2020. 11. 13.,96000,243,2640000,6502,"[4K][special] ë§__ë¬(MAMAMOO) ¬ë_ë³´ì_¤ë ¼ì_ë¸__! /Mr._§¤ëª¨í_,__ ,°ì¹¼ì½__,ë³__ë°,I miss you,HIP,ê³__ë²__,©ê©ê,AYA | ©ê_ë®¤ì_",900
13,339615,2020. 11. 13.,2100,95,1320000,401,"[__] ê¹__Xìµ__ë¹, ë¶__+´ì_+ë¶__ ë¯¸ì_°ë¦¬ ëª¨ë ë¹_! #____ #SBScatch",1392
14,331542,2020. 11. 13.,6800,137,641000,637,__ ì¡´ì_ ë·°í___ë²_ ©ì_ë¡ ____  ì¶©ê²© ´ì_ (ë¯¸í_/ì©¡ì_/°ì_/Amazing Makeup/Korean) #__ #NEWë£©ê_14,819
15,262005,2020. 11. 13.,5800,171,156000,815,"500__ë¦ ë¶ì¹¨ê_ ¸ë_ê° ê³_°± ""´ëª¨.. ¼ë©´ 20ê° ë¨¹ì___.."" ___£¼____ ë°__ ê¿ MUKBANG EATING SHOW",742
16,519616,2020. 11. 12.,7900,126,2250000,907,[#_´ì_¨ë_ë¸__] ____ ë²__ ê¹ëª_°° _°©__ ê¸°ì___ êµ ì§__ __¬ê±´ | #ê°_µ¬´í_ë¦ #Diggle,1118
17,345703,2020. 11. 13.,2900,89,254000,856,êµ 4¸ë°© __ __ ·ã_#©ì_ì¡ #ê¶_°½ #©í_ì° #´ê_ | 2020 __ __ EP.6,335
18,1860222,2020. 11. 11.,48000,1100,2290000,10367,"__, ë£¨ì_ [ì§¥ì_  ê·¸ë]",492
19,488343,2020. 11. 13.,5900,167,858000,1437,¤ë_ê¸__ê°__ ëª__ë§ 3ì¸¡ì_,818
20,145378,2020. 11. 13.,5100,78,23100,1237,ê·¸ë_¬ê | °ê·¹  Full ver. [The King of the theater | Gran Saga],616
21,493975,2020. 11. 13.,10000,158,2320000,1113,(EN) ì£¼ì_ _! ë¹µë¨¹ __ ì­__? _¤ì_ê° ë¦¬ì_ ë¨¹ë°© ¬ì___(+ _3D ¥ì_ @¬ë_ê³ Sanago ê° ¬ê¸°  _?)£ì¹ë§¨2 ep.19£ë_ì¤,754
22,1347268,2020. 11. 13.,20000,637,3790000,1846,¤ë_ë¶ __.ì£.__ »ì ¼ì_ ì£½ì_ ê² ê°_ __¤ë_¬ì___. __´ì_ ë¹(æ°)ê¸ __´ì_¥¶¥¶ | __¤ë_ __ ë¦¬ë·° | ë¹__ | __ë§ ep.76,769
23,569832,2020. 11. 12.,3400,210,692000,695,__ ë£¸ì_ë¡ ¬ê±´ ë°°í_? ë²__ë°©í_ _ª© ê¹__ ê³_°± | ê·¸ì_ë¡ ë³´ë_ 'ê¹__',724
24,5196805,2020. 11. 13.,1140000,2900,40100000,39111,2009** BTS (+ENG),387
25,582165,2020. 11. 13.,33000,13000,4700000,5187,SUB)__ ¬ë¥´ë¥ ì´_°¥ ¨ë_ °ë_ ë¨¹ë°©__ ì°¸ì_ °ì_ _³µ  ëª¨ë_ì´_°¥ ë¦¬ì_¬ì_ Sushi & udon mukbang asmr,558
26,353686,2020. 11. 13.,5600,165,1070000,527," ¬ì_ ¸ë_, 3µì_ë¦ __ì¹ __  ê´_°®__?",654
27,656438,2020. 11. 12.,7100,153,254000,1321,#__ë¯#´ê_ ©ë_ #__ì² __ __! _ì²..¬í_ê° ëª ê°__? | 2020 __ __ EP.5,381
28,82588,2020. 11. 13.,1300,44,64000,331,"__ 12 ë¯¸ë_/__/ë§¥ì_, __ë© ´ê±° °ë_! __ë²__ __? [ê¿ê°ì£¼ëª½ ep.4]",808
29,153980,2020. 11. 13.,1900,38,746000,147,_ ë¹__ ë¹__ ¥ì_ ¥ëª¨__ _·¼_·¼(?) ì² ë§__! l #´ì___ l #´ì__µ­ì²__´ì l EP.165,608
30,152068,2020. 11. 13.,1200,40,185000,220,´ì__ ____ ë²_»´¼ë_ ë¶_¦¬ ´ì_.,594
31,791083,2020. 11. 12.,9200,188,31200,1020,[¼ë_¤ì_] ï¼__ ì§__  __ __ï¼ ´ì_ë§__ ¸ì_ ë§__´ì_ ¤ì_ ì¶ __ __ | #__ë£¨ë__£¨ #¼ëª¨,894
32,1271244,2020. 11. 11.,23000,398,1780000,4152,¸ë_ë° ¬ì___ ¸ë_¤ë_ (Feat. _°½) | ODG,531
33,688646,2020. 11. 12.,11000,391,340000,4128,´ê_ __ ëª»í_ ê°ì§__¤í_ì¹ ë¦¬ì_ë¹__ë²_±°,497
34,186991,2020. 11. 13.,4400,112,82300,834,1000ë§__ì§_¦¬ __ #2 [ê¸°ì_ ¤ë¦´¬í_],227
35,90800,2020. 11. 13.,5100,48,260000,179,ëª½ê³¨ ê°ì¡±ì_ _µ­ ì²__  ì¶©ê²©ë°_ ´ì_?,549
36,370179,2020. 11. 13.,17000,137,1800000,1344,±ê²¬ ì§__ê°_ ê³__´ì_ê² ë§__ ë³´ì_ ¼ì_(!) __,646
37,147474,2020. 11. 13.,6700,42,224000,966,¸ì_ë¹__ ¸ì_ _ ë§¤ë_ (ê·¸ë_¤ê_ ____ê²__ì§...)_BC PD _³¨´ì_ VLOG ¤ë_ë¥ EP.24,635
38,1471213,2020. 11. 11.,59000,38000,4700000,10563,SUB)ë°__ __¤ì_ ë§¤ì½¤_½¤ ì«_©´ ë¨¹ë°© ! (ft.__°íê¹) ë¦¬ì_¬ì_ Pork cutlet jjolmyeon mukbang asmr,506
39,69463,2020. 11. 13.,1300,49,13300,364,ê°_ ê±´ë_ë¦¬ë©´  __ ´ì_,336
40,341714,2020. 11. 12.,12000,210,890000,2170,ë¯¸í_ ê°__ : Q&A 3 - ëª¨ë_ ê²__ ë§__ì¤__,1785
41,167754,2020. 11. 12.,874,41,20800,148,êµ¬ë¸ë_ 11 - ´ì___ _°©ë¨¹ì ´ë¬´ê¸ ê·¸ë ë§__ê± ë³µê¸¸´ì_ê¹?,501
42,161103,2020. 11. 12.,2600,223,502000,488,"(Sub)""__ê° ¬ê¸° ê±´ë¬¼ì£¼ì_"" Black Pink ë¦¬ì_  ë¯¸ëë¶ ë¹µí_ì§ ì¹´í_ __ ë©´ì_ ëª°ì¹´__",541
43,177985,2020. 11. 12.,4400,135,57500,1660,´ëª½´ì_ __ë©__ - 3/AMONG US ANIMATION - PET3,223
44,737850,2020. 11. 12.,9300,218,623000,1229,ì¹_µ¬¼ê_? 18 ì°¨ì_ ê²°êµ­ ê·¹ë³µ  __µë_,524
45,319471,2020. 11. 12.,5200,107,297000,663,ê²¨í_ë°ê¸°ë¹µ ê²__´ê¸°ì¤__ __ê²__ë¨¸ê ëª°ë_ __¤ë©´?__,342
46,577789,2020. 11. 11.,7400,298,453000,881, ¹ë¬´____..,259
47,2713246,2020. 11. 9.,82000,67000,4700000,30945,SUB)ë§¤ì½¤¬ì½¤ __ë³¶ì_ ____ê¸°êµ­ ì§_°¥ ë¨¹ë°© ë¦¬ì_¬ì_ Jeyukbokkeum mukbang ASMR,659
48,224972,2020. 11. 11.,2100,44,149000,556,(ì¹__ __) ¤ë_ê¸ ìµ__ µì£¼ë¨ ê¹__ VS ìµ__ ë§·ì_ ´ì_ 100% __ ¤í_ë§!!,405
49,370743,2020. 11. 11.,9800,86,2270000,784,[Eng] ì´__(CHOA)__  ¸ë_ ë©__¬ì_ ´ì£¼ê¸°ð_ l ´ì_ë°(RISABAE Makeup),873